id,updated_at,score_heonbeob,score_eoneo,score_jaryo,score_sanghwang,student_id,created_at
1,2024-02-19 07:36:55.388999+00:00,88.0,87.5,72.5,62.5,1,2024-02-19 07:36:55.387958+00:00
2,2024-02-19 07:36:55.393769+00:00,100.0,100.0,100.0,100.0,2,2024-02-19 07:36:55.392951+00:00
3,2024-02-19 07:36:55.397822+00:00,68.0,80.0,50.0,67.5,3,2024-02-19 07:36:55.397047+00:00
4,2024-02-19 07:36:55.401692+00:00,80.0,85.0,92.5,62.5,4,2024-02-19 07:36:55.400933+00:00
5,2024-02-19 07:36:55.405643+00:00,44.0,42.5,32.5,55.0,5,2024-02-19 07:36:55.404887+00:00
6,2024-02-19 07:36:55.409637+00:00,64.0,62.5,65.0,70.0,6,2024-02-19 07:36:55.408768+00:00
7,2024-02-19 07:36:55.414910+00:00,0.0,0.0,0.0,0.0,7,2024-02-19 07:36:55.412839+00:00
8,2024-02-19 07:36:55.418990+00:00,56.0,85.0,75.0,80.0,8,2024-02-19 07:36:55.418264+00:00
9,2024-02-19 07:36:55.422895+00:00,0.0,0.0,0.0,0.0,10,2024-02-19 07:36:55.422164+00:00
10,2024-02-19 07:36:55.426779+00:00,88.0,100.0,0.0,0.0,12,2024-02-19 07:36:55.426066+00:00
11,2024-02-19 07:36:55.431002+00:00,72.0,95.0,90.0,90.0,13,2024-02-19 07:36:55.430117+00:00
12,2024-02-19 07:36:55.436088+00:00,60.0,,,,14,2024-02-19 07:36:55.435307+00:00
13,2024-02-19 07:36:55.440386+00:00,0.0,77.5,0.0,0.0,16,2024-02-19 07:36:55.439539+00:00
14,2024-02-19 07:36:55.444548+00:00,64.0,80.0,77.5,77.5,19,2024-02-19 07:36:55.443785+00:00
15,2024-02-19 07:36:55.448922+00:00,36.0,35.0,0.0,0.0,21,2024-02-19 07:36:55.447930+00:00
16,2024-02-19 07:36:55.454203+00:00,56.0,90.0,57.5,67.5,18,2024-02-19 07:36:55.452199+00:00
17,2024-02-19 07:36:55.458524+00:00,76.0,87.5,77.5,85.0,22,2024-02-19 07:36:55.457665+00:00
18,2024-02-19 07:36:55.462959+00:00,64.0,95.0,87.5,67.5,23,2024-02-19 07:36:55.462038+00:00
19,2024-02-19 07:36:55.466965+00:00,80.0,95.0,65.0,82.5,20,2024-02-19 07:36:55.466237+00:00
20,2024-02-19 07:36:55.470914+00:00,80.0,80.0,75.0,72.5,24,2024-02-19 07:36:55.470185+00:00
21,2024-02-19 07:36:55.475115+00:00,0.0,0.0,0.0,0.0,26,2024-02-19 07:36:55.474202+00:00
22,2024-02-19 07:36:55.479275+00:00,0.0,0.0,0.0,0.0,29,2024-02-19 07:36:55.478541+00:00
23,2024-02-19 07:36:55.486067+00:00,0.0,0.0,0.0,0.0,30,2024-02-19 07:36:55.485327+00:00
24,2024-02-19 07:36:55.490494+00:00,40.0,90.0,60.0,70.0,31,2024-02-19 07:36:55.489677+00:00
25,2024-02-19 07:36:55.494691+00:00,64.0,80.0,62.5,72.5,32,2024-02-19 07:36:55.493871+00:00
26,2024-02-19 07:36:55.498748+00:00,72.0,55.0,47.5,47.5,33,2024-02-19 07:36:55.498002+00:00
27,2024-02-19 07:36:55.504069+00:00,72.0,87.5,75.0,77.5,34,2024-02-19 07:36:55.503288+00:00
28,2024-02-19 07:36:55.509149+00:00,48.0,77.5,80.0,77.5,35,2024-02-19 07:36:55.508410+00:00
29,2024-02-19 07:36:55.513169+00:00,12.0,35.0,20.0,25.0,36,2024-02-19 07:36:55.512357+00:00
30,2024-02-19 07:36:55.517159+00:00,44.0,85.0,77.5,70.0,11,2024-02-19 07:36:55.516478+00:00
31,2024-02-19 07:36:55.521292+00:00,52.0,70.0,75.0,75.0,37,2024-02-19 07:36:55.520583+00:00
32,2024-02-19 07:36:55.525060+00:00,0.0,0.0,0.0,0.0,38,2024-02-19 07:36:55.524187+00:00
33,2024-02-19 07:36:55.528581+00:00,56.0,77.5,52.5,72.5,39,2024-02-19 07:36:55.527889+00:00
34,2024-02-19 07:36:55.532162+00:00,72.0,90.0,75.0,82.5,41,2024-02-19 07:36:55.531541+00:00
35,2024-02-19 07:36:55.535735+00:00,60.0,70.0,67.5,67.5,42,2024-02-19 07:36:55.535039+00:00
36,2024-02-19 07:36:55.539356+00:00,68.0,65.0,70.0,55.0,43,2024-02-19 07:36:55.538611+00:00
37,2024-02-19 07:36:55.542947+00:00,76.0,80.0,77.5,77.5,44,2024-02-19 07:36:55.542322+00:00
38,2024-02-19 07:36:55.548291+00:00,64.0,80.0,42.5,57.5,45,2024-02-19 07:36:55.545985+00:00
39,2024-02-19 07:36:55.552165+00:00,64.0,90.0,85.0,77.5,47,2024-02-19 07:36:55.551449+00:00
40,2024-02-19 07:36:55.555922+00:00,0.0,0.0,0.0,0.0,48,2024-02-19 07:36:55.555245+00:00
41,2024-02-19 07:36:55.559551+00:00,84.0,85.0,62.5,80.0,27,2024-02-19 07:36:55.558768+00:00
42,2024-02-19 07:36:55.563390+00:00,60.0,77.5,60.0,72.5,49,2024-02-19 07:36:55.562531+00:00
43,2024-02-19 07:36:55.567092+00:00,52.0,72.5,65.0,87.5,50,2024-02-19 07:36:55.566453+00:00
44,2024-02-19 07:36:55.570961+00:00,0.0,0.0,0.0,0.0,51,2024-02-19 07:36:55.570277+00:00
45,2024-02-19 07:36:55.574775+00:00,68.0,82.5,85.0,72.5,28,2024-02-19 07:36:55.574104+00:00
46,2024-02-19 07:36:55.578524+00:00,76.0,60.0,67.5,67.5,52,2024-02-19 07:36:55.577877+00:00
47,2024-02-19 07:36:55.583251+00:00,56.0,87.5,75.0,85.0,53,2024-02-19 07:36:55.582577+00:00
48,2024-02-19 07:36:55.587623+00:00,48.0,82.5,60.0,67.5,9,2024-02-19 07:36:55.586072+00:00
49,2024-02-19 07:36:55.591129+00:00,44.0,72.5,0.0,0.0,54,2024-02-19 07:36:55.590495+00:00
50,2024-02-19 07:36:55.594897+00:00,64.0,90.0,77.5,72.5,55,2024-02-19 07:36:55.594159+00:00
51,2024-02-19 07:36:55.598527+00:00,64.0,80.0,67.5,55.0,56,2024-02-19 07:36:55.597820+00:00
52,2024-02-19 07:36:55.602924+00:00,60.0,80.0,62.5,77.5,57,2024-02-19 07:36:55.602237+00:00
53,2024-02-19 07:36:55.606968+00:00,68.0,85.0,62.5,72.5,59,2024-02-19 07:36:55.606341+00:00
54,2024-02-19 07:36:55.610598+00:00,52.0,85.0,72.5,82.5,40,2024-02-19 07:36:55.609843+00:00
55,2024-02-19 07:36:55.615247+00:00,64.0,92.5,90.0,70.0,46,2024-02-19 07:36:55.614367+00:00
56,2024-02-19 07:36:55.619363+00:00,0.0,0.0,0.0,0.0,60,2024-02-19 07:36:55.618610+00:00
57,2024-02-19 07:36:55.623061+00:00,0.0,0.0,0.0,0.0,61,2024-02-19 07:36:55.622352+00:00
58,2024-02-19 07:36:55.626809+00:00,92.0,95.0,75.0,65.0,62,2024-02-19 07:36:55.626124+00:00
59,2024-02-19 07:36:55.630746+00:00,84.0,75.0,70.0,70.0,63,2024-02-19 07:36:55.630136+00:00
60,2024-02-19 07:36:55.635188+00:00,24.0,27.5,20.0,20.0,64,2024-02-19 07:36:55.634514+00:00
61,2024-02-19 07:36:55.638684+00:00,0.0,0.0,0.0,0.0,65,2024-02-19 07:36:55.638063+00:00
62,2024-02-19 07:36:55.642625+00:00,76.0,50.0,70.0,47.5,66,2024-02-19 07:36:55.641953+00:00
63,2024-02-19 07:36:55.646336+00:00,56.0,85.0,67.5,85.0,58,2024-02-19 07:36:55.645666+00:00
64,2024-02-19 07:36:55.649870+00:00,0.0,0.0,0.0,0.0,67,2024-02-19 07:36:55.649147+00:00
65,2024-02-19 07:36:55.654059+00:00,52.0,92.5,75.0,77.5,68,2024-02-19 07:36:55.653317+00:00
66,2024-02-19 07:36:55.657526+00:00,8.0,10.0,17.5,15.0,69,2024-02-19 07:36:55.656897+00:00
67,2024-02-19 07:36:55.661100+00:00,72.0,85.0,82.5,77.5,25,2024-02-19 07:36:55.660431+00:00
68,2024-02-19 07:36:55.666169+00:00,0.0,0.0,0.0,0.0,70,2024-02-19 07:36:55.665379+00:00
69,2024-02-19 07:36:55.669981+00:00,0.0,0.0,0.0,0.0,71,2024-02-19 07:36:55.669215+00:00
70,2024-02-19 07:36:55.674260+00:00,0.0,0.0,0.0,0.0,72,2024-02-19 07:36:55.673501+00:00
71,2024-02-19 07:36:55.677986+00:00,0.0,0.0,0.0,0.0,73,2024-02-19 07:36:55.677250+00:00
72,2024-02-19 07:36:55.681906+00:00,52.0,87.5,80.0,77.5,74,2024-02-19 07:36:55.681069+00:00
73,2024-02-19 07:36:55.685830+00:00,0.0,0.0,0.0,0.0,76,2024-02-19 07:36:55.685025+00:00
74,2024-02-19 07:36:55.689592+00:00,64.0,87.5,77.5,77.5,77,2024-02-19 07:36:55.688850+00:00
75,2024-02-19 07:36:55.693703+00:00,0.0,0.0,0.0,0.0,78,2024-02-19 07:36:55.692955+00:00
76,2024-02-19 07:36:55.697657+00:00,0.0,0.0,0.0,0.0,79,2024-02-19 07:36:55.696842+00:00
77,2024-02-19 07:36:55.701908+00:00,0.0,0.0,0.0,0.0,80,2024-02-19 07:36:55.700922+00:00
78,2024-02-19 07:36:55.706274+00:00,0.0,0.0,0.0,0.0,84,2024-02-19 07:36:55.705508+00:00
79,2024-02-19 07:36:55.710215+00:00,68.0,70.0,20.0,20.0,85,2024-02-19 07:36:55.709309+00:00
80,2024-02-19 07:36:55.715864+00:00,68.0,87.5,67.5,70.0,86,2024-02-19 07:36:55.715046+00:00
81,2024-02-19 07:36:55.720133+00:00,0.0,0.0,0.0,0.0,87,2024-02-19 07:36:55.719413+00:00
82,2024-02-19 07:36:55.726022+00:00,72.0,90.0,67.5,67.5,89,2024-02-19 07:36:55.725045+00:00
83,2024-02-19 07:36:55.730223+00:00,16.0,67.5,0.0,0.0,91,2024-02-19 07:36:55.729438+00:00
84,2024-02-19 07:36:55.734370+00:00,0.0,0.0,0.0,0.0,92,2024-02-19 07:36:55.733620+00:00
85,2024-02-19 07:36:55.738550+00:00,0.0,0.0,0.0,0.0,95,2024-02-19 07:36:55.737726+00:00
86,2024-02-19 07:36:55.742902+00:00,56.0,75.0,57.5,72.5,93,2024-02-19 07:36:55.742168+00:00
87,2024-02-19 07:36:55.752900+00:00,68.0,67.5,60.0,0.0,94,2024-02-19 07:36:55.746372+00:00
88,2024-02-19 07:36:55.757181+00:00,72.0,77.5,67.5,75.0,96,2024-02-19 07:36:55.756362+00:00
89,2024-02-19 07:36:55.761427+00:00,64.0,50.0,45.0,42.5,99,2024-02-19 07:36:55.760581+00:00
90,2024-02-19 07:36:55.765550+00:00,60.0,80.0,70.0,80.0,100,2024-02-19 07:36:55.764820+00:00
91,2024-02-19 07:36:55.769687+00:00,48.0,82.5,70.0,77.5,101,2024-02-19 07:36:55.768844+00:00
92,2024-02-19 07:36:55.773848+00:00,92.0,80.0,65.0,57.5,102,2024-02-19 07:36:55.773125+00:00
93,2024-02-19 07:36:55.777559+00:00,80.0,75.0,50.0,55.0,103,2024-02-19 07:36:55.776844+00:00
94,2024-02-19 07:36:55.781479+00:00,56.0,75.0,42.5,57.5,97,2024-02-19 07:36:55.780673+00:00
95,2024-02-19 07:36:55.785264+00:00,68.0,72.5,67.5,80.0,105,2024-02-19 07:36:55.784523+00:00
96,2024-02-19 07:36:55.789040+00:00,0.0,0.0,0.0,0.0,107,2024-02-19 07:36:55.788291+00:00
97,2024-02-19 07:36:55.793027+00:00,68.0,80.0,62.5,70.0,108,2024-02-19 07:36:55.792145+00:00
98,2024-02-19 07:36:55.797524+00:00,80.0,87.5,65.0,75.0,109,2024-02-19 07:36:55.796643+00:00
99,2024-02-19 07:36:55.801506+00:00,76.0,67.5,45.0,65.0,111,2024-02-19 07:36:55.800584+00:00
100,2024-02-19 07:36:55.806869+00:00,76.0,87.5,67.5,80.0,112,2024-02-19 07:36:55.804802+00:00
101,2024-02-19 07:36:55.810805+00:00,0.0,0.0,0.0,0.0,98,2024-02-19 07:36:55.810077+00:00
102,2024-02-19 07:36:55.814923+00:00,0.0,87.5,77.5,75.0,113,2024-02-19 07:36:55.814098+00:00
103,2024-02-19 07:36:55.818987+00:00,48.0,75.0,72.5,75.0,104,2024-02-19 07:36:55.818280+00:00
104,2024-02-19 07:36:55.822947+00:00,88.0,70.0,72.5,82.5,114,2024-02-19 07:36:55.822243+00:00
105,2024-02-19 07:36:55.826937+00:00,0.0,0.0,0.0,0.0,117,2024-02-19 07:36:55.826216+00:00
106,2024-02-19 07:36:55.830689+00:00,64.0,92.5,75.0,67.5,115,2024-02-19 07:36:55.829990+00:00
107,2024-02-19 07:36:55.834543+00:00,80.0,87.5,70.0,75.0,118,2024-02-19 07:36:55.833811+00:00
108,2024-02-19 07:36:55.838222+00:00,68.0,75.0,20.0,57.5,119,2024-02-19 07:36:55.837482+00:00
109,2024-02-19 07:36:55.842138+00:00,64.0,75.0,72.5,70.0,121,2024-02-19 07:36:55.841328+00:00
110,2024-02-19 07:36:55.847944+00:00,64.0,70.0,62.5,67.5,122,2024-02-19 07:36:55.847197+00:00
111,2024-02-19 07:36:55.852164+00:00,80.0,80.0,72.5,72.5,120,2024-02-19 07:36:55.851335+00:00
112,2024-02-19 07:36:55.856257+00:00,76.0,70.0,72.5,75.0,123,2024-02-19 07:36:55.855508+00:00
113,2024-02-19 07:36:55.860197+00:00,80.0,87.5,60.0,57.5,90,2024-02-19 07:36:55.859489+00:00
114,2024-02-19 07:36:55.864116+00:00,0.0,0.0,0.0,0.0,126,2024-02-19 07:36:55.863383+00:00
115,2024-02-19 07:36:55.868070+00:00,72.0,80.0,72.5,82.5,128,2024-02-19 07:36:55.867351+00:00
116,2024-02-19 07:36:55.871838+00:00,52.0,82.5,62.5,47.5,127,2024-02-19 07:36:55.871122+00:00
117,2024-02-19 07:36:55.875856+00:00,64.0,82.5,70.0,87.5,129,2024-02-19 07:36:55.874919+00:00
118,2024-02-19 07:36:55.882394+00:00,68.0,75.0,62.5,60.0,130,2024-02-19 07:36:55.880908+00:00
119,2024-02-19 07:36:55.887314+00:00,56.0,65.0,72.5,60.0,131,2024-02-19 07:36:55.886512+00:00
120,2024-02-19 07:36:55.891321+00:00,28.0,80.0,75.0,75.0,132,2024-02-19 07:36:55.890589+00:00
121,2024-02-19 07:36:55.895597+00:00,60.0,72.5,80.0,77.5,133,2024-02-19 07:36:55.894875+00:00
122,2024-02-19 07:36:55.900129+00:00,72.0,45.0,77.5,67.5,136,2024-02-19 07:36:55.899112+00:00
123,2024-02-19 07:36:55.904100+00:00,76.0,70.0,67.5,70.0,138,2024-02-19 07:36:55.903362+00:00
124,2024-02-19 07:36:55.908406+00:00,64.0,82.5,70.0,65.0,139,2024-02-19 07:36:55.907688+00:00
125,2024-02-19 07:36:55.912653+00:00,0.0,0.0,0.0,0.0,141,2024-02-19 07:36:55.911937+00:00
126,2024-02-19 07:36:55.923667+00:00,40.0,15.0,22.5,20.0,142,2024-02-19 07:36:55.922835+00:00
127,2024-02-19 07:36:55.927877+00:00,80.0,0.0,0.0,0.0,143,2024-02-19 07:36:55.927136+00:00
128,2024-02-19 07:36:55.932097+00:00,72.0,82.5,72.5,55.0,144,2024-02-19 07:36:55.931372+00:00
129,2024-02-19 07:36:55.936330+00:00,0.0,0.0,0.0,0.0,145,2024-02-19 07:36:55.935542+00:00
130,2024-02-19 07:36:55.942315+00:00,0.0,0.0,0.0,0.0,146,2024-02-19 07:36:55.940444+00:00
131,2024-02-19 07:36:55.946339+00:00,60.0,70.0,65.0,55.0,148,2024-02-19 07:36:55.945551+00:00
132,2024-02-19 07:36:55.950384+00:00,0.0,0.0,0.0,0.0,149,2024-02-19 07:36:55.949548+00:00
133,2024-02-19 07:36:55.954788+00:00,0.0,0.0,0.0,0.0,150,2024-02-19 07:36:55.953809+00:00
134,2024-02-19 07:36:55.959766+00:00,88.0,80.0,82.5,70.0,151,2024-02-19 07:36:55.958830+00:00
135,2024-02-19 07:36:55.963830+00:00,0.0,0.0,0.0,0.0,152,2024-02-19 07:36:55.963068+00:00
136,2024-02-19 07:36:55.968960+00:00,0.0,0.0,0.0,0.0,153,2024-02-19 07:36:55.968029+00:00
137,2024-02-19 07:36:55.973064+00:00,0.0,0.0,0.0,0.0,116,2024-02-19 07:36:55.972111+00:00
138,2024-02-19 07:36:55.977154+00:00,0.0,0.0,0.0,0.0,155,2024-02-19 07:36:55.976320+00:00
139,2024-02-19 07:36:55.981401+00:00,0.0,0.0,0.0,0.0,147,2024-02-19 07:36:55.980551+00:00
140,2024-02-19 07:36:55.985690+00:00,0.0,0.0,0.0,0.0,156,2024-02-19 07:36:55.984906+00:00
141,2024-02-19 07:36:55.989656+00:00,0.0,0.0,0.0,0.0,158,2024-02-19 07:36:55.988895+00:00
142,2024-02-19 07:36:55.994958+00:00,0.0,0.0,0.0,0.0,159,2024-02-19 07:36:55.994223+00:00
143,2024-02-19 07:36:55.999039+00:00,0.0,0.0,0.0,0.0,160,2024-02-19 07:36:55.998189+00:00
144,2024-02-19 07:36:56.005907+00:00,60.0,0.0,0.0,0.0,161,2024-02-19 07:36:56.005082+00:00
145,2024-02-19 07:36:56.010097+00:00,0.0,0.0,0.0,0.0,162,2024-02-19 07:36:56.009115+00:00
146,2024-02-19 07:36:56.013978+00:00,64.0,65.0,52.5,60.0,163,2024-02-19 07:36:56.013171+00:00
147,2024-02-19 07:36:56.025010+00:00,0.0,0.0,0.0,0.0,164,2024-02-19 07:36:56.023960+00:00
148,2024-02-19 07:36:56.029534+00:00,0.0,0.0,0.0,0.0,165,2024-02-19 07:36:56.028727+00:00
149,2024-02-19 07:36:56.033986+00:00,0.0,0.0,0.0,0.0,166,2024-02-19 07:36:56.033196+00:00
150,2024-02-19 07:36:56.039416+00:00,32.0,0.0,0.0,0.0,167,2024-02-19 07:36:56.037386+00:00
151,2024-02-19 07:36:56.050266+00:00,44.0,12.5,15.0,25.0,168,2024-02-19 07:36:56.043059+00:00
152,2024-02-19 07:36:56.060468+00:00,0.0,0.0,0.0,0.0,170,2024-02-19 07:36:56.058740+00:00
153,2024-02-19 07:36:56.064967+00:00,0.0,0.0,0.0,0.0,171,2024-02-19 07:36:56.064149+00:00
154,2024-02-19 07:36:56.068977+00:00,0.0,0.0,0.0,0.0,172,2024-02-19 07:36:56.068187+00:00
155,2024-02-19 07:36:56.073096+00:00,0.0,0.0,0.0,0.0,173,2024-02-19 07:36:56.072256+00:00
156,2024-02-19 07:36:56.077088+00:00,0.0,0.0,0.0,0.0,175,2024-02-19 07:36:56.076307+00:00
157,2024-02-19 07:36:56.081007+00:00,0.0,0.0,0.0,0.0,176,2024-02-19 07:36:56.080244+00:00
158,2024-02-19 07:36:56.084943+00:00,0.0,0.0,0.0,0.0,178,2024-02-19 07:36:56.084166+00:00
159,2024-02-19 07:36:56.088792+00:00,0.0,0.0,0.0,0.0,179,2024-02-19 07:36:56.088007+00:00
160,2024-02-19 07:36:56.093031+00:00,0.0,0.0,0.0,0.0,174,2024-02-19 07:36:56.091976+00:00
161,2024-02-19 07:37:41.939444+00:00,0.0,0.0,0.0,0.0,180,2024-02-19 07:36:56.096625+00:00
162,2024-02-19 07:36:56.101324+00:00,72.0,95.0,75.0,77.5,182,2024-02-19 07:36:56.100547+00:00
163,2024-02-19 07:36:56.105279+00:00,0.0,67.5,0.0,0.0,183,2024-02-19 07:36:56.104464+00:00
164,2024-02-19 07:36:56.109387+00:00,80.0,95.0,77.5,75.0,181,2024-02-19 07:36:56.108622+00:00
165,2024-02-19 07:36:56.113385+00:00,64.0,75.0,75.0,65.0,185,2024-02-19 07:36:56.112642+00:00
166,2024-02-19 07:36:56.117284+00:00,64.0,90.0,70.0,80.0,184,2024-02-19 07:36:56.116530+00:00
167,2024-02-19 07:36:56.121224+00:00,48.0,95.0,72.5,82.5,187,2024-02-19 07:36:56.120464+00:00
168,2024-02-19 07:36:56.125044+00:00,80.0,87.5,67.5,82.5,188,2024-02-19 07:36:56.124299+00:00
169,2024-02-19 07:36:56.128896+00:00,76.0,87.5,75.0,75.0,189,2024-02-19 07:36:56.128157+00:00
170,2024-02-19 07:36:56.132678+00:00,84.0,87.5,80.0,77.5,190,2024-02-19 07:36:56.131974+00:00
171,2024-02-19 07:36:56.136706+00:00,92.0,77.5,80.0,75.0,191,2024-02-19 07:36:56.135978+00:00
172,2024-02-19 07:36:56.142013+00:00,80.0,82.5,80.0,72.5,192,2024-02-19 07:36:56.141251+00:00
173,2024-02-19 07:36:56.146099+00:00,88.0,85.0,70.0,62.5,193,2024-02-19 07:36:56.145288+00:00
174,2024-02-19 07:36:56.150124+00:00,0.0,0.0,62.5,0.0,195,2024-02-19 07:36:56.149357+00:00
175,2024-02-19 07:36:56.154038+00:00,52.0,77.5,47.5,70.0,196,2024-02-19 07:36:56.153261+00:00
176,2024-02-19 07:36:56.157923+00:00,84.0,92.5,80.0,77.5,198,2024-02-19 07:36:56.157167+00:00
177,2024-02-19 07:36:56.161805+00:00,64.0,85.0,70.0,70.0,199,2024-02-19 07:36:56.161039+00:00
178,2024-02-19 07:36:56.165758+00:00,72.0,87.5,70.0,80.0,200,2024-02-19 07:36:56.164928+00:00
179,2024-02-19 07:36:56.169622+00:00,24.0,87.5,77.5,82.5,201,2024-02-19 07:36:56.168850+00:00
180,2024-02-19 07:36:56.173460+00:00,92.0,67.5,57.5,40.0,202,2024-02-19 07:36:56.172692+00:00
181,2024-02-19 07:36:56.177218+00:00,0.0,90.0,72.5,75.0,203,2024-02-19 07:36:56.176473+00:00
182,2024-02-19 07:36:56.181016+00:00,84.0,72.5,67.5,72.5,204,2024-02-19 07:36:56.180266+00:00
183,2024-02-19 07:36:56.184879+00:00,72.0,72.5,62.5,60.0,207,2024-02-19 07:36:56.184135+00:00
184,2024-02-19 07:36:56.189855+00:00,84.0,80.0,72.5,70.0,209,2024-02-19 07:36:56.188930+00:00
185,2024-02-19 07:36:56.193631+00:00,0.0,0.0,0.0,0.0,210,2024-02-19 07:36:56.192838+00:00
186,2024-02-19 07:36:56.197321+00:00,72.0,92.5,65.0,65.0,211,2024-02-19 07:36:56.196572+00:00
187,2024-02-19 07:36:56.203080+00:00,80.0,80.0,60.0,37.5,205,2024-02-19 07:36:56.202352+00:00
188,2024-02-19 07:36:56.206933+00:00,84.0,77.5,65.0,70.0,212,2024-02-19 07:36:56.206217+00:00
189,2024-02-19 07:36:56.211170+00:00,72.0,87.5,75.0,82.5,215,2024-02-19 07:36:56.210216+00:00
190,2024-02-19 07:36:56.215043+00:00,48.0,87.5,62.5,52.5,206,2024-02-19 07:36:56.214330+00:00
191,2024-02-19 07:36:56.219284+00:00,0.0,0.0,0.0,0.0,216,2024-02-19 07:36:56.218563+00:00
192,2024-02-19 07:36:56.226548+00:00,52.0,62.5,62.5,55.0,217,2024-02-19 07:36:56.225812+00:00
193,2024-02-19 07:36:56.230392+00:00,0.0,0.0,0.0,0.0,186,2024-02-19 07:36:56.229654+00:00
194,2024-02-19 07:36:56.241761+00:00,64.0,92.5,75.0,72.5,218,2024-02-19 07:36:56.239646+00:00
195,2024-02-19 07:36:56.246798+00:00,40.0,80.0,0.0,67.5,219,2024-02-19 07:36:56.246038+00:00
196,2024-02-19 07:36:56.250695+00:00,84.0,90.0,75.0,75.0,220,2024-02-19 07:36:56.250019+00:00
197,2024-02-19 07:36:56.254331+00:00,0.0,0.0,0.0,0.0,221,2024-02-19 07:36:56.253655+00:00
198,2024-02-19 07:36:56.257949+00:00,60.0,85.0,82.5,77.5,222,2024-02-19 07:36:56.257284+00:00
199,2024-02-19 07:36:56.261742+00:00,76.0,90.0,72.5,82.5,223,2024-02-19 07:36:56.261080+00:00
200,2024-02-19 07:36:56.265203+00:00,72.0,72.5,65.0,60.0,194,2024-02-19 07:36:56.264483+00:00
201,2024-02-19 07:36:56.274201+00:00,0.0,0.0,0.0,0.0,225,2024-02-19 07:36:56.268079+00:00
202,2024-02-19 07:36:56.278675+00:00,68.0,72.5,67.5,70.0,226,2024-02-19 07:36:56.277901+00:00
203,2024-02-19 07:36:56.282512+00:00,76.0,85.0,67.5,75.0,224,2024-02-19 07:36:56.281776+00:00
204,2024-02-19 07:36:56.286321+00:00,84.0,77.5,62.5,72.5,228,2024-02-19 07:36:56.285549+00:00
205,2024-02-19 07:36:56.290168+00:00,36.0,0.0,0.0,0.0,229,2024-02-19 07:36:56.289415+00:00
206,2024-02-19 07:36:56.294098+00:00,72.0,82.5,5.0,0.0,230,2024-02-19 07:36:56.293338+00:00
207,2024-02-19 07:36:56.297944+00:00,76.0,90.0,85.0,80.0,232,2024-02-19 07:36:56.297116+00:00
208,2024-02-19 07:36:56.301689+00:00,60.0,97.5,75.0,60.0,233,2024-02-19 07:36:56.300951+00:00
209,2024-02-19 07:36:56.305527+00:00,64.0,90.0,0.0,0.0,234,2024-02-19 07:36:56.304805+00:00
210,2024-02-19 07:36:56.309278+00:00,68.0,82.5,75.0,82.5,235,2024-02-19 07:36:56.308535+00:00
211,2024-02-19 07:36:56.313019+00:00,80.0,92.5,67.5,77.5,208,2024-02-19 07:36:56.312279+00:00
212,2024-02-19 07:36:56.316815+00:00,48.0,52.5,47.5,70.0,236,2024-02-19 07:36:56.316075+00:00
213,2024-02-19 07:36:56.320584+00:00,60.0,80.0,67.5,65.0,213,2024-02-19 07:36:56.319837+00:00
214,2024-02-19 07:36:56.324358+00:00,68.0,87.5,77.5,72.5,237,2024-02-19 07:36:56.323656+00:00
215,2024-02-19 07:36:56.328136+00:00,64.0,87.5,65.0,62.5,238,2024-02-19 07:36:56.327422+00:00
216,2024-02-19 07:36:56.332069+00:00,88.0,87.5,72.5,77.5,239,2024-02-19 07:36:56.331309+00:00
217,2024-02-19 07:36:56.336445+00:00,76.0,75.0,80.0,67.5,240,2024-02-19 07:36:56.335717+00:00
218,2024-02-19 07:36:56.340333+00:00,68.0,85.0,22.5,0.0,242,2024-02-19 07:36:56.339572+00:00
219,2024-02-19 07:36:56.344193+00:00,68.0,75.0,65.0,65.0,244,2024-02-19 07:36:56.343474+00:00
220,2024-02-19 07:36:56.348039+00:00,72.0,87.5,67.5,82.5,245,2024-02-19 07:36:56.347290+00:00
221,2024-02-19 07:36:56.351897+00:00,48.0,52.5,47.5,67.5,246,2024-02-19 07:36:56.351169+00:00
222,2024-02-19 07:36:56.355798+00:00,80.0,72.5,60.0,57.5,247,2024-02-19 07:36:56.355053+00:00
223,2024-02-19 07:36:56.359615+00:00,0.0,87.5,50.0,55.0,248,2024-02-19 07:36:56.358879+00:00
224,2024-02-19 07:36:56.363583+00:00,72.0,97.5,75.0,75.0,249,2024-02-19 07:36:56.362863+00:00
225,2024-02-19 07:36:56.367480+00:00,0.0,0.0,0.0,0.0,250,2024-02-19 07:36:56.366739+00:00
226,2024-02-19 07:36:56.371250+00:00,72.0,70.0,55.0,77.5,227,2024-02-19 07:36:56.370543+00:00
227,2024-02-19 07:36:56.375024+00:00,0.0,0.0,0.0,0.0,252,2024-02-19 07:36:56.374297+00:00
228,2024-02-19 07:36:56.378792+00:00,64.0,77.5,45.0,57.5,197,2024-02-19 07:36:56.378052+00:00
229,2024-02-19 07:36:56.382558+00:00,72.0,85.0,80.0,62.5,253,2024-02-19 07:36:56.381825+00:00
230,2024-02-19 07:36:56.386354+00:00,84.0,85.0,80.0,62.5,254,2024-02-19 07:36:56.385622+00:00
231,2024-02-19 07:36:56.390364+00:00,64.0,82.5,72.5,72.5,255,2024-02-19 07:36:56.389594+00:00
232,2024-02-19 07:36:56.394123+00:00,0.0,0.0,0.0,0.0,256,2024-02-19 07:36:56.393346+00:00
233,2024-02-19 07:36:56.397857+00:00,0.0,0.0,0.0,0.0,257,2024-02-19 07:36:56.397116+00:00
234,2024-02-19 07:36:56.401547+00:00,0.0,0.0,0.0,0.0,259,2024-02-19 07:36:56.400808+00:00
235,2024-02-19 07:36:56.405380+00:00,68.0,82.5,65.0,55.0,260,2024-02-19 07:36:56.404629+00:00
236,2024-02-19 07:36:56.409118+00:00,76.0,85.0,85.0,65.0,261,2024-02-19 07:36:56.408368+00:00
237,2024-02-19 07:36:56.412823+00:00,68.0,85.0,90.0,75.0,262,2024-02-19 07:36:56.412103+00:00
238,2024-02-19 07:36:56.416554+00:00,68.0,90.0,62.5,80.0,263,2024-02-19 07:36:56.415844+00:00
239,2024-02-19 07:36:56.420297+00:00,56.0,82.5,60.0,67.5,264,2024-02-19 07:36:56.419584+00:00
240,2024-02-19 07:36:56.424055+00:00,36.0,20.0,20.0,17.5,265,2024-02-19 07:36:56.423317+00:00
241,2024-02-19 07:36:56.427797+00:00,60.0,82.5,85.0,87.5,266,2024-02-19 07:36:56.427086+00:00
242,2024-02-19 07:36:56.431543+00:00,24.0,15.0,20.0,20.0,267,2024-02-19 07:36:56.430834+00:00
243,2024-02-19 07:36:56.435265+00:00,60.0,77.5,57.5,82.5,268,2024-02-19 07:36:56.434562+00:00
244,2024-02-19 07:36:56.440187+00:00,68.0,90.0,82.5,72.5,269,2024-02-19 07:36:56.439442+00:00
245,2024-02-19 07:36:56.444247+00:00,0.0,0.0,0.0,0.0,270,2024-02-19 07:36:56.443336+00:00
246,2024-02-19 07:36:56.448393+00:00,0.0,0.0,0.0,0.0,271,2024-02-19 07:36:56.447661+00:00
247,2024-02-19 07:36:56.455639+00:00,76.0,22.5,0.0,0.0,273,2024-02-19 07:36:56.454868+00:00
248,2024-02-19 07:36:56.459711+00:00,84.0,72.5,85.0,70.0,274,2024-02-19 07:36:56.458968+00:00
249,2024-02-19 07:36:56.463722+00:00,84.0,87.5,72.5,77.5,275,2024-02-19 07:36:56.462968+00:00
250,2024-02-19 07:36:56.467614+00:00,0.0,0.0,0.0,0.0,276,2024-02-19 07:36:56.466894+00:00
260,2024-03-02 08:40:19.138115+00:00,100.0,100.0,90.0,72.5,293,2024-03-02 03:20:24.939152+00:00
261,2024-03-02 10:59:15.179588+00:00,64.0,90.0,50.0,67.5,292,2024-03-02 03:21:36.885250+00:00
262,2024-03-02 09:39:09.638546+00:00,76.0,82.5,65.0,67.5,290,2024-03-02 03:22:36.662416+00:00
263,2024-03-02 08:59:33.459065+00:00,84.0,80.0,82.5,90.0,294,2024-03-02 03:33:03.236232+00:00
264,2024-03-02 08:51:38.619029+00:00,88.0,87.5,65.0,62.5,295,2024-03-02 03:46:08.772979+00:00
265,2024-03-02 08:34:42.295176+00:00,88.0,85.0,80.0,85.0,296,2024-03-02 03:48:13.885209+00:00
266,2024-03-02 08:36:39.707999+00:00,96.0,90.0,87.5,75.0,298,2024-03-02 04:02:45.161098+00:00
267,2024-03-02 09:26:05.863960+00:00,80.0,80.0,,75.0,301,2024-03-02 04:07:43.124226+00:00
268,2024-03-02 08:44:31.140562+00:00,96.0,90.0,85.0,92.5,306,2024-03-02 04:08:31.545352+00:00
269,2024-03-02 10:39:53.616704+00:00,84.0,77.5,67.5,65.0,303,2024-03-02 04:09:27.729101+00:00
270,2024-03-02 09:25:53.834914+00:00,,92.5,90.0,87.5,305,2024-03-02 04:10:34.000138+00:00
271,2024-03-02 08:34:11.318340+00:00,92.0,80.0,87.5,95.0,308,2024-03-02 04:11:00.742279+00:00
272,2024-03-02 08:35:37.222634+00:00,92.0,90.0,92.5,90.0,297,2024-03-02 04:11:29.394006+00:00
273,2024-03-02 08:55:37.540603+00:00,24.0,70.0,100.0,55.0,309,2024-03-02 04:13:33.856574+00:00
274,2024-03-02 09:27:38.101278+00:00,80.0,77.5,77.5,80.0,310,2024-03-02 04:13:55.193245+00:00
275,2024-03-02 08:44:37.688399+00:00,96.0,97.5,85.0,85.0,312,2024-03-02 04:14:27.961701+00:00
276,2024-03-02 08:47:58.104526+00:00,96.0,90.0,80.0,72.5,311,2024-03-02 04:14:33.614549+00:00
277,2024-03-02 09:06:23.009549+00:00,76.0,87.5,87.5,90.0,313,2024-03-02 04:14:38.730646+00:00
278,2024-03-02 10:03:29.654228+00:00,64.0,90.0,50.0,82.5,315,2024-03-02 04:15:21.843072+00:00
279,2024-03-02 09:00:39.376996+00:00,80.0,75.0,62.5,77.5,314,2024-03-02 04:15:37.775470+00:00
280,2024-03-02 04:17:32.118136+00:00,48.0,,,,317,2024-03-02 04:17:32.117222+00:00
281,2024-03-02 10:48:23.100315+00:00,84.0,85.0,80.0,82.5,316,2024-03-02 04:17:57.509511+00:00
282,2024-03-02 04:18:35.550440+00:00,60.0,,,,319,2024-03-02 04:18:35.549667+00:00
283,2024-03-02 09:09:43.897969+00:00,84.0,82.5,67.5,85.0,318,2024-03-02 04:18:38.955384+00:00
284,2024-03-02 08:41:35.389510+00:00,80.0,90.0,82.5,90.0,321,2024-03-02 04:20:14.728481+00:00
285,2024-03-02 09:16:48.092027+00:00,96.0,85.0,85.0,90.0,320,2024-03-02 04:20:21.727762+00:00
286,2024-03-02 10:12:30.497644+00:00,92.0,90.0,72.5,75.0,322,2024-03-02 04:20:46.810426+00:00
287,2024-03-02 08:56:37.901314+00:00,72.0,90.0,67.5,85.0,323,2024-03-02 04:20:59.165321+00:00
288,2024-03-03 15:37:24.809273+00:00,64.0,87.5,72.5,62.5,324,2024-03-02 04:22:34.609671+00:00
289,2024-03-02 09:08:57.128292+00:00,84.0,87.5,80.0,90.0,325,2024-03-02 04:22:47.767793+00:00
290,2024-03-02 08:32:41.867504+00:00,88.0,75.0,72.5,100.0,326,2024-03-02 04:22:59.448712+00:00
291,2024-03-02 09:24:35.748720+00:00,88.0,92.5,92.5,95.0,327,2024-03-02 04:25:09.819564+00:00
292,2024-03-02 11:01:52.847868+00:00,92.0,90.0,75.0,85.0,328,2024-03-02 04:28:37.717807+00:00
293,2024-03-02 08:35:27.403136+00:00,84.0,87.5,77.5,82.5,329,2024-03-02 05:41:48.525751+00:00
294,2024-03-02 05:45:49.582902+00:00,36.0,90.0,,,330,2024-03-02 05:44:06.186023+00:00
295,2024-03-02 13:07:27.391264+00:00,88.0,75.0,67.5,75.0,331,2024-03-02 06:22:46.595921+00:00
296,2024-03-02 11:33:04.697740+00:00,92.0,87.5,72.5,67.5,332,2024-03-02 06:28:10.979750+00:00
297,2024-03-02 08:34:36.258084+00:00,60.0,77.5,75.0,92.5,333,2024-03-02 06:29:58.812467+00:00
298,2024-03-02 13:36:59.683720+00:00,24.0,77.5,75.0,72.5,307,2024-03-02 06:31:25.516548+00:00
299,2024-03-02 08:45:11.536154+00:00,40.0,82.5,70.0,75.0,335,2024-03-02 06:32:41.442340+00:00
300,2024-03-02 08:33:01.731408+00:00,52.0,87.5,40.0,75.0,334,2024-03-02 06:33:19.055700+00:00
301,2024-03-02 12:23:42.241391+00:00,96.0,77.5,77.5,80.0,336,2024-03-02 06:33:50.351200+00:00
302,2024-03-02 08:34:00.593968+00:00,80.0,87.5,80.0,95.0,337,2024-03-02 06:35:19.343142+00:00
303,2024-03-02 08:35:06.000023+00:00,100.0,90.0,82.5,65.0,338,2024-03-02 06:37:33.663305+00:00
304,2024-03-02 06:41:09.774358+00:00,80.0,,,,340,2024-03-02 06:41:09.773374+00:00
305,2024-03-02 12:26:04.793270+00:00,96.0,95.0,67.5,85.0,341,2024-03-02 07:27:32.288760+00:00
306,2024-03-02 08:49:41.721103+00:00,84.0,72.5,55.0,70.0,343,2024-03-02 08:45:22.341826+00:00
307,2024-03-02 08:50:42.233452+00:00,88.0,75.0,75.0,85.0,344,2024-03-02 08:46:00.164111+00:00
308,2024-03-02 08:53:29.120582+00:00,72.0,80.0,77.5,82.5,345,2024-03-02 08:49:12.401125+00:00
309,2024-03-02 08:58:27.673205+00:00,84.0,77.5,82.5,75.0,349,2024-03-02 08:49:59.312737+00:00
310,2024-03-02 08:56:13.424820+00:00,92.0,95.0,90.0,92.5,353,2024-03-02 08:53:54.746165+00:00
311,2024-03-02 08:57:29.452644+00:00,84.0,85.0,82.5,87.5,354,2024-03-02 08:54:13.728299+00:00
312,2024-03-02 09:00:57.734277+00:00,84.0,77.5,50.0,60.0,348,2024-03-02 08:54:13.977809+00:00
313,2024-03-02 09:05:15.929837+00:00,96.0,87.5,75.0,85.0,351,2024-03-02 08:54:16.426473+00:00
314,2024-03-02 09:01:59.574184+00:00,96.0,92.5,85.0,90.0,304,2024-03-02 08:56:08.954649+00:00
315,2024-03-02 09:00:28.095341+00:00,76.0,82.5,75.0,82.5,288,2024-03-02 08:57:41.339353+00:00
316,2024-03-03 17:50:17.517664+00:00,68.0,70.0,45.0,60.0,355,2024-03-02 08:59:57.507773+00:00
317,2024-03-02 09:02:53.285908+00:00,92.0,92.5,82.5,95.0,356,2024-03-02 09:00:22.170941+00:00
318,2024-03-02 09:06:10.877375+00:00,88.0,92.5,85.0,87.5,359,2024-03-02 09:02:03.629187+00:00
319,2024-03-02 09:10:07.045198+00:00,84.0,92.5,57.5,72.5,357,2024-03-02 09:02:14.426994+00:00
320,2024-03-02 09:04:54.102188+00:00,84.0,90.0,80.0,67.5,360,2024-03-02 09:02:29.828969+00:00
321,2024-03-02 09:08:22.211161+00:00,88.0,77.5,87.5,85.0,358,2024-03-02 09:03:04.387249+00:00
322,2024-03-02 09:10:34.268279+00:00,92.0,87.5,87.5,92.5,362,2024-03-02 09:05:03.389093+00:00
323,2024-03-02 09:08:35.062627+00:00,76.0,87.5,87.5,95.0,363,2024-03-02 09:05:09.709218+00:00
324,2024-03-02 09:09:29.683984+00:00,84.0,87.5,95.0,92.5,364,2024-03-02 09:05:19.001228+00:00
325,2024-03-02 09:09:17.465099+00:00,96.0,85.0,75.0,72.5,365,2024-03-02 09:06:03.049250+00:00
326,2024-03-02 09:17:17.790148+00:00,88.0,90.0,85.0,90.0,367,2024-03-02 09:07:06.829012+00:00
327,2024-03-02 09:13:06.415028+00:00,84.0,87.5,82.5,80.0,366,2024-03-02 09:08:10.852633+00:00
328,2024-03-02 09:12:11.894036+00:00,76.0,75.0,60.0,70.0,370,2024-03-02 09:08:39.562731+00:00
329,2024-03-02 09:18:41.413138+00:00,88.0,87.5,75.0,87.5,368,2024-03-02 09:09:00.628884+00:00
330,2024-03-02 09:12:35.191088+00:00,72.0,77.5,60.0,75.0,372,2024-03-02 09:09:02.628797+00:00
331,2024-03-02 09:17:43.841459+00:00,80.0,92.5,77.5,77.5,373,2024-03-02 09:10:29.617266+00:00
332,2024-03-02 09:12:28.814689+00:00,84.0,87.5,77.5,87.5,374,2024-03-02 09:10:37.432268+00:00
333,2024-03-02 09:13:54.196473+00:00,84.0,92.5,87.5,,376,2024-03-02 09:11:52.577246+00:00
334,2024-03-02 14:55:34.113085+00:00,96.0,92.5,67.5,82.5,375,2024-03-02 09:12:18.139690+00:00
335,2024-03-02 09:14:21.145260+00:00,88.0,92.5,82.5,90.0,379,2024-03-02 09:12:38.545276+00:00
336,2024-03-02 09:19:10.949692+00:00,92.0,95.0,77.5,87.5,378,2024-03-02 09:12:39.476589+00:00
337,2024-03-02 09:13:11.754924+00:00,80.0,,,,347,2024-03-02 09:13:11.754017+00:00
338,2024-03-02 09:25:16.756357+00:00,92.0,87.5,92.5,80.0,377,2024-03-02 09:13:32.247959+00:00
339,2024-03-02 09:16:40.919072+00:00,84.0,,,,381,2024-03-02 09:16:40.918198+00:00
340,2024-03-02 09:22:28.875073+00:00,84.0,92.5,75.0,85.0,383,2024-03-02 09:17:52.370384+00:00
341,2024-03-02 09:25:35.418118+00:00,96.0,95.0,85.0,97.5,384,2024-03-02 09:19:00.398432+00:00
342,2024-03-02 09:24:45.602813+00:00,80.0,95.0,72.5,85.0,385,2024-03-02 09:19:13.047439+00:00
343,2024-03-02 09:23:23.612647+00:00,88.0,80.0,72.5,85.0,386,2024-03-02 09:19:47.708088+00:00
344,2024-03-02 09:24:25.009549+00:00,96.0,67.5,80.0,65.0,387,2024-03-02 09:20:17.703310+00:00
345,2024-03-02 09:38:59.401243+00:00,88.0,90.0,82.5,87.5,388,2024-03-02 09:20:25.804475+00:00
346,2024-03-02 09:26:44.315677+00:00,56.0,75.0,57.5,70.0,361,2024-03-02 09:23:18.553950+00:00
347,2024-03-02 09:29:58.717221+00:00,68.0,92.5,77.5,85.0,389,2024-03-02 09:23:40.184768+00:00
348,2024-03-02 09:32:03.382875+00:00,88.0,80.0,85.0,80.0,392,2024-03-02 09:24:42.901108+00:00
349,2024-03-02 09:27:28.860678+00:00,92.0,75.0,70.0,72.5,393,2024-03-02 09:24:54.407204+00:00
350,2024-03-02 09:24:56.180007+00:00,,,,77.5,380,2024-03-02 09:24:56.179126+00:00
351,2024-03-02 09:29:42.018693+00:00,68.0,95.0,80.0,90.0,394,2024-03-02 09:25:04.857756+00:00
352,2024-03-02 09:30:25.449545+00:00,76.0,90.0,87.5,75.0,395,2024-03-02 09:25:09.676497+00:00
353,2024-03-02 09:28:22.244615+00:00,80.0,85.0,80.0,100.0,391,2024-03-02 09:25:17.233945+00:00
354,2024-03-02 09:31:16.370895+00:00,100.0,75.0,80.0,75.0,397,2024-03-02 09:25:54.710111+00:00
355,2024-03-02 09:31:43.047190+00:00,80.0,80.0,82.5,75.0,396,2024-03-02 09:26:00.653551+00:00
356,2024-03-02 09:33:26.751689+00:00,88.0,85.0,70.0,92.5,382,2024-03-02 09:27:51.996288+00:00
357,2024-03-02 09:33:56.123134+00:00,72.0,77.5,72.5,67.5,398,2024-03-02 09:27:53.498696+00:00
358,2024-03-02 09:32:31.506411+00:00,88.0,92.5,95.0,90.0,400,2024-03-02 09:28:44.142319+00:00
359,2024-03-02 09:35:39.322856+00:00,88.0,82.5,80.0,77.5,401,2024-03-02 09:29:10.578634+00:00
360,2024-03-02 09:31:37.570389+00:00,88.0,90.0,77.5,95.0,405,2024-03-02 09:29:31.468151+00:00
361,2024-03-02 09:32:46.874098+00:00,96.0,85.0,92.5,85.0,404,2024-03-02 09:29:39.934351+00:00
362,2024-03-02 09:34:42.797038+00:00,92.0,82.5,85.0,87.5,402,2024-03-02 09:29:41.214461+00:00
363,2024-03-02 09:31:38.387785+00:00,76.0,85.0,75.0,,406,2024-03-02 09:30:08.928051+00:00
364,2024-03-02 09:39:28.629486+00:00,80.0,87.5,75.0,87.5,403,2024-03-02 09:30:15.905978+00:00
365,2024-03-02 09:35:13.997234+00:00,88.0,90.0,77.5,80.0,407,2024-03-02 09:31:10.933376+00:00
366,2024-03-02 09:36:36.853722+00:00,28.0,42.5,57.5,50.0,342,2024-03-02 09:31:39.997353+00:00
367,2024-03-02 09:36:00.353945+00:00,84.0,75.0,72.5,87.5,408,2024-03-02 09:31:41.274748+00:00
368,2024-03-02 09:35:35.625709+00:00,84.0,82.5,90.0,75.0,410,2024-03-02 09:31:56.634275+00:00
369,2024-03-02 09:35:04.153418+00:00,88.0,72.5,75.0,77.5,409,2024-03-02 09:32:18.458759+00:00
370,2024-03-02 09:37:01.075413+00:00,84.0,85.0,75.0,85.0,411,2024-03-02 09:32:25.610792+00:00
371,2024-03-02 09:35:05.299034+00:00,76.0,90.0,80.0,82.5,390,2024-03-02 09:33:15.926956+00:00
372,2024-03-02 09:36:09.411027+00:00,92.0,77.5,82.5,82.5,415,2024-03-02 09:33:42.437634+00:00
373,2024-03-02 09:39:08.253646+00:00,76.0,82.5,67.5,85.0,416,2024-03-02 09:34:11.200104+00:00
374,2024-03-02 09:37:53.557703+00:00,76.0,82.5,70.0,82.5,413,2024-03-02 09:34:20.587436+00:00
375,2024-03-02 09:36:55.212790+00:00,,32.5,,85.0,412,2024-03-02 09:34:21.167017+00:00
376,2024-03-02 09:42:27.534447+00:00,64.0,92.5,75.0,85.0,417,2024-03-02 09:34:38.074109+00:00
377,2024-03-02 09:36:36.966228+00:00,88.0,82.5,72.5,90.0,420,2024-03-02 09:34:43.270247+00:00
378,2024-03-02 09:41:40.544959+00:00,88.0,82.5,87.5,80.0,419,2024-03-02 09:34:53.082357+00:00
379,2024-03-02 09:40:00.246451+00:00,80.0,95.0,90.0,92.5,418,2024-03-02 09:34:54.889173+00:00
380,2024-03-02 09:43:29.377384+00:00,88.0,82.5,87.5,92.5,414,2024-03-02 09:35:16.020055+00:00
381,2024-03-02 09:39:43.641646+00:00,92.0,82.5,67.5,87.5,421,2024-03-02 09:36:05.255610+00:00
382,2024-03-02 09:39:43.278101+00:00,84.0,80.0,70.0,72.5,423,2024-03-02 09:36:06.312026+00:00
383,2024-03-02 09:38:49.115090+00:00,100.0,72.5,90.0,82.5,424,2024-03-02 09:36:10.922870+00:00
384,2024-03-02 09:41:45.501179+00:00,68.0,80.0,77.5,85.0,426,2024-03-02 09:36:56.633561+00:00
385,2024-03-02 09:40:08.829180+00:00,100.0,95.0,80.0,80.0,431,2024-03-02 09:37:13.496639+00:00
386,2024-03-02 09:41:00.885465+00:00,72.0,67.5,67.5,70.0,430,2024-03-02 09:37:16.642157+00:00
387,2024-03-02 09:39:16.134993+00:00,76.0,75.0,85.0,,432,2024-03-02 09:37:21.309093+00:00
388,2024-03-02 09:42:31.732652+00:00,96.0,87.5,82.5,80.0,425,2024-03-02 09:37:23.086376+00:00
389,2024-03-02 09:39:38.799558+00:00,28.0,20.0,22.5,72.5,422,2024-03-02 09:37:36.176486+00:00
390,2024-03-02 09:41:30.548018+00:00,88.0,85.0,77.5,82.5,433,2024-03-02 09:37:36.966863+00:00
391,2024-03-02 09:40:18.213558+00:00,76.0,92.5,90.0,87.5,434,2024-03-02 09:37:37.297795+00:00
392,2024-03-02 09:40:17.939471+00:00,80.0,80.0,77.5,80.0,428,2024-03-02 09:38:06.893187+00:00
393,2024-03-02 09:42:16.304548+00:00,96.0,85.0,87.5,,437,2024-03-02 09:38:09.209518+00:00
394,2024-03-02 09:41:16.735842+00:00,28.0,25.0,25.0,17.5,427,2024-03-02 09:38:26.607194+00:00
395,2024-03-02 09:41:20.933772+00:00,84.0,87.5,85.0,85.0,443,2024-03-02 09:38:35.227030+00:00
396,2024-03-02 09:41:08.762826+00:00,64.0,75.0,65.0,57.5,435,2024-03-02 09:38:40.850766+00:00
397,2024-03-02 09:40:45.661685+00:00,20.0,20.0,20.0,70.0,449,2024-03-02 09:38:44.560501+00:00
398,2024-03-02 09:42:02.687596+00:00,92.0,85.0,82.5,82.5,442,2024-03-02 09:38:57.669129+00:00
399,2024-03-02 09:42:00.300330+00:00,80.0,67.5,87.5,85.0,441,2024-03-02 09:39:04.186684+00:00
400,2024-03-02 09:42:50.495328+00:00,64.0,75.0,67.5,70.0,438,2024-03-02 09:39:08.197769+00:00
401,2024-03-02 11:00:06.416618+00:00,76.0,72.5,60.0,75.0,429,2024-03-02 09:39:12.484995+00:00
402,2024-03-02 09:42:25.595890+00:00,84.0,90.0,67.5,82.5,450,2024-03-02 09:39:14.041787+00:00
403,2024-03-02 09:44:45.523023+00:00,80.0,92.5,70.0,82.5,451,2024-03-02 09:39:34.964110+00:00
404,2024-03-02 09:41:28.039921+00:00,84.0,82.5,65.0,87.5,453,2024-03-02 09:39:35.775177+00:00
405,2024-03-04 07:38:39.130408+00:00,100.0,90.0,77.5,85.0,436,2024-03-02 09:39:41.150171+00:00
406,2024-03-02 09:48:12.701638+00:00,,92.5,82.5,85.0,452,2024-03-02 09:39:59.919254+00:00
407,2024-03-02 09:41:45.614966+00:00,88.0,85.0,67.5,92.5,454,2024-03-02 09:40:03.007782+00:00
408,2024-03-02 09:42:37.638567+00:00,92.0,87.5,75.0,90.0,458,2024-03-02 09:40:03.287771+00:00
409,2024-03-02 09:40:04.064296+00:00,,,,82.5,444,2024-03-02 09:40:04.063060+00:00
410,2024-03-02 09:45:04.002853+00:00,88.0,87.5,75.0,67.5,460,2024-03-02 09:40:20.406483+00:00
411,2024-03-02 09:43:45.000919+00:00,80.0,87.5,75.0,80.0,447,2024-03-02 09:40:26.304688+00:00
412,2024-03-02 09:44:21.065244+00:00,88.0,85.0,67.5,82.5,457,2024-03-02 09:40:27.840008+00:00
413,2024-03-02 14:54:57.442932+00:00,96.0,82.5,85.0,87.5,464,2024-03-02 09:40:38.440596+00:00
414,2024-03-02 09:45:55.196325+00:00,80.0,85.0,82.5,95.0,461,2024-03-02 09:40:41.837495+00:00
415,2024-03-02 09:43:55.375766+00:00,88.0,90.0,92.5,77.5,459,2024-03-02 09:40:47.737079+00:00
416,2024-03-02 09:48:33.558613+00:00,96.0,85.0,72.5,75.0,463,2024-03-02 09:41:00.844308+00:00
417,2024-03-02 09:45:01.931714+00:00,84.0,87.5,80.0,82.5,465,2024-03-02 09:41:09.567662+00:00
418,2024-03-02 09:41:32.374041+00:00,,,,87.5,455,2024-03-02 09:41:32.373051+00:00
419,2024-03-02 09:53:12.501543+00:00,92.0,87.5,85.0,85.0,448,2024-03-02 09:41:35.554267+00:00
420,2024-03-02 09:48:02.763489+00:00,96.0,82.5,87.5,85.0,462,2024-03-02 09:41:38.116112+00:00
421,2024-03-02 09:49:41.325697+00:00,88.0,85.0,67.5,77.5,467,2024-03-02 09:42:13.162282+00:00
422,2024-03-02 09:44:22.737969+00:00,88.0,90.0,77.5,82.5,352,2024-03-02 09:42:16.391459+00:00
423,2024-03-02 09:44:22.602734+00:00,52.0,75.0,67.5,75.0,466,2024-03-02 09:42:17.668093+00:00
424,2024-03-02 09:47:27.458247+00:00,88.0,92.5,77.5,90.0,468,2024-03-02 09:42:51.561565+00:00
425,2024-03-02 09:46:08.988226+00:00,68.0,80.0,75.0,80.0,469,2024-03-02 09:43:46.134106+00:00
426,2024-03-02 09:45:53.886241+00:00,100.0,90.0,80.0,87.5,473,2024-03-02 09:44:06.580348+00:00
427,2024-03-02 09:44:08.929134+00:00,92.0,,,,470,2024-03-02 09:44:08.926852+00:00
428,2024-03-02 09:47:39.975608+00:00,92.0,90.0,85.0,72.5,472,2024-03-02 09:44:24.002228+00:00
429,2024-03-02 09:50:57.951801+00:00,92.0,80.0,90.0,82.5,471,2024-03-02 09:44:38.087799+00:00
430,2024-03-02 09:48:46.121461+00:00,96.0,87.5,82.5,80.0,474,2024-03-02 09:44:54.837974+00:00
431,2024-03-02 09:48:58.536841+00:00,92.0,77.5,75.0,85.0,475,2024-03-02 09:45:35.568728+00:00
432,2024-03-02 09:49:14.890054+00:00,92.0,80.0,70.0,77.5,478,2024-03-02 09:45:42.660633+00:00
433,2024-03-02 09:47:50.083471+00:00,96.0,97.5,87.5,97.5,477,2024-03-02 09:45:43.210495+00:00
434,2024-03-02 09:51:36.320021+00:00,88.0,92.5,90.0,85.0,479,2024-03-02 09:46:46.963717+00:00
435,2024-03-02 10:29:09.622974+00:00,76.0,92.5,72.5,65.0,480,2024-03-02 09:48:10.490882+00:00
436,2024-03-02 09:53:45.127874+00:00,96.0,82.5,87.5,95.0,481,2024-03-02 09:48:42.108441+00:00
437,2024-03-02 09:56:09.094472+00:00,80.0,95.0,57.5,70.0,482,2024-03-02 09:49:05.173985+00:00
438,2024-03-02 10:02:18.089607+00:00,92.0,80.0,82.5,75.0,483,2024-03-02 09:49:16.870357+00:00
439,2024-03-02 09:56:24.529020+00:00,76.0,92.5,65.0,70.0,484,2024-03-02 09:49:58.926135+00:00
440,2024-03-02 09:52:33.056900+00:00,92.0,85.0,60.0,72.5,487,2024-03-02 09:50:01.589138+00:00
441,2024-03-02 09:56:31.181412+00:00,60.0,92.5,75.0,77.5,485,2024-03-02 09:50:43.649339+00:00
442,2024-03-02 09:56:50.658300+00:00,88.0,90.0,85.0,92.5,486,2024-03-02 09:51:39.078059+00:00
443,2024-03-02 09:57:28.529669+00:00,80.0,72.5,75.0,77.5,488,2024-03-02 09:51:39.600113+00:00
444,2024-03-02 09:57:02.486296+00:00,88.0,65.0,60.0,65.0,490,2024-03-02 09:52:07.250437+00:00
445,2024-03-02 09:57:27.945281+00:00,80.0,85.0,85.0,82.5,492,2024-03-02 09:52:50.479355+00:00
446,2024-03-02 09:57:06.607626+00:00,84.0,82.5,80.0,70.0,493,2024-03-02 09:53:11.407491+00:00
447,2024-03-02 09:58:29.491566+00:00,80.0,95.0,80.0,90.0,494,2024-03-02 09:53:23.449155+00:00
448,2024-03-02 10:03:37.209625+00:00,88.0,92.5,90.0,82.5,491,2024-03-02 09:53:31.951801+00:00
449,2024-03-02 09:58:29.831473+00:00,88.0,85.0,82.5,92.5,496,2024-03-02 09:54:05.247470+00:00
450,2024-03-02 10:02:08.793381+00:00,52.0,70.0,70.0,82.5,495,2024-03-02 09:54:50.726999+00:00
451,2024-03-02 09:58:20.982678+00:00,80.0,90.0,65.0,80.0,498,2024-03-02 09:55:48.790529+00:00
452,2024-03-02 09:59:36.993769+00:00,92.0,82.5,37.5,87.5,499,2024-03-02 09:56:12.279366+00:00
453,2024-03-02 10:03:47.145376+00:00,72.0,57.5,70.0,60.0,291,2024-03-02 09:57:19.174669+00:00
454,2024-03-02 10:02:09.421737+00:00,68.0,70.0,80.0,82.5,500,2024-03-02 09:58:15.027484+00:00
455,2024-03-02 10:03:03.035147+00:00,72.0,60.0,75.0,60.0,501,2024-03-02 09:58:32.290952+00:00
456,2024-03-02 10:02:48.964871+00:00,72.0,82.5,62.5,75.0,502,2024-03-02 10:00:27.329716+00:00
457,2024-03-02 10:05:26.583090+00:00,80.0,85.0,77.5,95.0,506,2024-03-02 10:00:43.374350+00:00
458,2024-03-02 10:11:15.926108+00:00,88.0,57.5,75.0,70.0,505,2024-03-02 10:01:02.439900+00:00
459,2024-03-02 10:04:32.173159+00:00,84.0,92.5,72.5,72.5,508,2024-03-02 10:01:11.824291+00:00
460,2024-03-02 10:04:58.686789+00:00,60.0,82.5,47.5,80.0,507,2024-03-02 10:01:17.254157+00:00
461,2024-03-02 10:54:12.408210+00:00,88.0,90.0,80.0,80.0,503,2024-03-02 10:01:25.410434+00:00
462,2024-03-02 10:04:34.371864+00:00,84.0,95.0,72.5,90.0,511,2024-03-02 10:02:25.851235+00:00
463,2024-03-02 10:07:49.679262+00:00,72.0,57.5,40.0,62.5,512,2024-03-02 10:02:42.900296+00:00
464,2024-03-02 10:08:48.610775+00:00,96.0,92.5,80.0,92.5,510,2024-03-02 10:03:07.767415+00:00
465,2024-03-02 10:10:07.581133+00:00,72.0,82.5,67.5,67.5,513,2024-03-02 10:03:13.254106+00:00
466,2024-03-02 10:07:32.463722+00:00,84.0,85.0,60.0,87.5,497,2024-03-02 10:05:13.071437+00:00
467,2024-03-02 10:07:37.595087+00:00,72.0,55.0,72.5,75.0,517,2024-03-02 10:05:18.590202+00:00
468,2024-03-02 10:08:44.312202+00:00,88.0,95.0,62.5,60.0,516,2024-03-02 10:05:28.055487+00:00
469,2024-03-02 10:09:43.385464+00:00,88.0,82.5,67.5,70.0,518,2024-03-02 10:06:45.142120+00:00
470,2024-03-02 10:11:54.346255+00:00,76.0,95.0,87.5,95.0,520,2024-03-02 10:07:55.347098+00:00
471,2024-03-02 10:13:32.472409+00:00,80.0,77.5,52.5,65.0,399,2024-03-02 10:08:53.207109+00:00
472,2024-03-02 10:15:38.237829+00:00,76.0,70.0,77.5,92.5,521,2024-03-02 10:10:23.963449+00:00
473,2024-03-02 10:12:57.396130+00:00,88.0,92.5,82.5,80.0,523,2024-03-02 10:10:33.989408+00:00
474,2024-03-02 10:12:39.773250+00:00,96.0,90.0,82.5,87.5,525,2024-03-02 10:10:38.952929+00:00
475,2024-03-02 10:17:33.373390+00:00,76.0,82.5,82.5,90.0,524,2024-03-02 10:11:26.567762+00:00
476,2024-03-02 10:17:57.442631+00:00,68.0,87.5,75.0,67.5,526,2024-03-02 10:12:18.289640+00:00
477,2024-03-02 10:17:45.498323+00:00,84.0,82.5,75.0,82.5,527,2024-03-02 10:13:38.944881+00:00
478,2024-03-02 10:15:38.282154+00:00,76.0,70.0,72.5,55.0,519,2024-03-02 10:14:16.933551+00:00
479,2024-03-02 10:17:24.295736+00:00,92.0,80.0,62.5,67.5,529,2024-03-02 10:15:10.285464+00:00
480,2024-03-02 10:20:06.146568+00:00,88.0,85.0,80.0,85.0,531,2024-03-02 10:15:45.532389+00:00
481,2024-03-02 10:21:19.248968+00:00,72.0,82.5,77.5,67.5,532,2024-03-02 10:15:45.778637+00:00
482,2024-03-02 10:21:49.319675+00:00,88.0,80.0,70.0,90.0,522,2024-03-02 10:16:08.390943+00:00
483,2024-03-02 10:21:28.350034+00:00,96.0,75.0,75.0,80.0,536,2024-03-02 10:18:45.471245+00:00
484,2024-03-02 10:22:55.218631+00:00,80.0,97.5,85.0,90.0,534,2024-03-02 10:19:04.451681+00:00
485,2024-03-02 10:23:25.469870+00:00,76.0,95.0,72.5,85.0,514,2024-03-02 10:19:33.674913+00:00
486,2024-03-02 10:28:17.963873+00:00,80.0,85.0,77.5,80.0,535,2024-03-02 10:19:45.201078+00:00
487,2024-03-02 10:25:24.160656+00:00,92.0,97.5,82.5,90.0,537,2024-03-02 10:19:53.662428+00:00
488,2024-03-02 10:28:45.620211+00:00,84.0,80.0,80.0,85.0,538,2024-03-02 10:23:42.855435+00:00
489,2024-03-02 10:27:04.376197+00:00,72.0,92.5,70.0,95.0,539,2024-03-02 10:24:55.963793+00:00
490,2024-03-02 10:29:10.714057+00:00,88.0,80.0,82.5,87.5,540,2024-03-02 10:25:50.537507+00:00
491,2024-03-02 10:31:30.862888+00:00,72.0,70.0,80.0,70.0,541,2024-03-02 10:26:31.671912+00:00
492,2024-03-02 10:34:24.586703+00:00,40.0,72.5,52.5,60.0,489,2024-03-02 10:28:45.779412+00:00
493,2024-03-02 10:37:24.419489+00:00,64.0,90.0,72.5,87.5,542,2024-03-02 10:31:20.161698+00:00
494,2024-03-02 10:37:00.998283+00:00,80.0,85.0,85.0,77.5,543,2024-03-02 10:31:47.580974+00:00
495,2024-03-02 10:35:47.337111+00:00,64.0,75.0,65.0,80.0,544,2024-03-02 10:31:53.663872+00:00
496,2024-03-02 10:36:32.265307+00:00,56.0,70.0,30.0,42.5,533,2024-03-02 10:33:08.189127+00:00
497,2024-03-02 10:40:33.565376+00:00,48.0,75.0,60.0,65.0,548,2024-03-02 10:33:55.579260+00:00
498,2024-03-02 10:52:09.649449+00:00,84.0,90.0,72.5,77.5,549,2024-03-02 10:34:40.145725+00:00
499,2024-03-02 10:38:54.042116+00:00,84.0,82.5,82.5,77.5,552,2024-03-02 10:35:50.062865+00:00
500,2024-03-02 10:40:27.633743+00:00,88.0,80.0,85.0,65.0,553,2024-03-02 10:36:19.719631+00:00
501,2024-03-02 10:42:15.709931+00:00,92.0,90.0,75.0,80.0,547,2024-03-02 10:36:55.439225+00:00
502,2024-03-02 10:43:35.159705+00:00,72.0,70.0,70.0,82.5,554,2024-03-02 10:36:56.230923+00:00
503,2024-03-02 10:40:30.021378+00:00,88.0,87.5,87.5,90.0,556,2024-03-02 10:37:43.008594+00:00
504,2024-03-02 10:40:56.404995+00:00,80.0,77.5,80.0,87.5,551,2024-03-02 10:38:13.837447+00:00
505,2024-03-02 10:43:31.311853+00:00,96.0,92.5,92.5,87.5,557,2024-03-02 10:39:13.397293+00:00
506,2024-03-02 10:43:05.188735+00:00,96.0,72.5,77.5,80.0,558,2024-03-02 10:39:17.090566+00:00
507,2024-03-02 10:46:26.972828+00:00,100.0,80.0,75.0,70.0,555,2024-03-02 10:39:17.792833+00:00
508,2024-03-02 10:46:04.121734+00:00,92.0,82.5,75.0,75.0,559,2024-03-02 10:40:37.952586+00:00
509,2024-03-02 10:46:37.203405+00:00,92.0,70.0,82.5,60.0,563,2024-03-02 10:40:57.883872+00:00
510,2024-03-02 10:47:20.983301+00:00,96.0,85.0,77.5,87.5,562,2024-03-02 10:42:14.383599+00:00
511,2024-03-02 10:46:05.828687+00:00,92.0,82.5,70.0,67.5,550,2024-03-02 10:43:15.231265+00:00
512,2024-03-02 10:46:14.565929+00:00,100.0,90.0,85.0,75.0,565,2024-03-02 10:43:21.124389+00:00
513,2024-03-02 10:45:13.382572+00:00,28.0,20.0,22.5,25.0,564,2024-03-02 10:43:42.768180+00:00
514,2024-03-02 10:49:09.204387+00:00,92.0,85.0,90.0,87.5,569,2024-03-02 10:45:46.045788+00:00
515,2024-03-02 10:50:00.355019+00:00,84.0,87.5,72.5,82.5,567,2024-03-02 10:46:02.831458+00:00
516,2024-03-02 10:50:12.809514+00:00,76.0,92.5,80.0,95.0,568,2024-03-02 10:46:10.866689+00:00
517,2024-03-02 10:50:19.424818+00:00,88.0,85.0,80.0,77.5,566,2024-03-02 10:46:31.124929+00:00
518,2024-03-02 10:50:38.880500+00:00,84.0,72.5,75.0,72.5,570,2024-03-02 10:47:17.594173+00:00
519,2024-03-02 11:17:34.645190+00:00,,85.0,80.0,97.5,571,2024-03-02 10:48:03.255067+00:00
520,2024-03-02 10:52:12.831480+00:00,88.0,90.0,80.0,80.0,572,2024-03-02 10:48:08.681011+00:00
521,2024-03-02 10:56:00.225119+00:00,80.0,85.0,70.0,97.5,573,2024-03-02 10:49:01.488968+00:00
522,2024-03-02 10:57:39.295901+00:00,76.0,70.0,72.5,87.5,574,2024-03-02 10:51:05.191953+00:00
523,2024-03-02 10:57:40.502611+00:00,72.0,85.0,57.5,60.0,575,2024-03-02 10:51:12.577793+00:00
524,2024-03-02 11:00:25.041826+00:00,96.0,60.0,57.5,72.5,578,2024-03-02 10:53:26.872961+00:00
525,2024-03-02 10:59:48.825612+00:00,60.0,87.5,65.0,70.0,476,2024-03-02 10:53:27.586356+00:00
526,2024-03-02 10:59:28.026897+00:00,80.0,62.5,72.5,70.0,577,2024-03-02 10:53:29.300796+00:00
527,2024-03-02 10:59:30.029868+00:00,76.0,87.5,90.0,80.0,580,2024-03-02 10:54:18.978771+00:00
528,2024-03-02 11:00:27.355227+00:00,72.0,85.0,82.5,80.0,581,2024-03-02 10:55:36.180498+00:00
529,2024-03-02 11:11:59.965849+00:00,84.0,65.0,65.0,70.0,371,2024-03-02 10:55:57.053433+00:00
530,2024-03-02 10:58:39.620251+00:00,88.0,75.0,70.0,82.5,576,2024-03-02 10:56:46.618572+00:00
531,2024-03-02 11:01:09.002403+00:00,80.0,85.0,72.5,75.0,583,2024-03-02 10:56:54.719989+00:00
532,2024-03-02 11:02:32.109441+00:00,84.0,72.5,75.0,85.0,584,2024-03-02 10:57:54.103661+00:00
533,2024-03-02 11:04:31.000193+00:00,92.0,70.0,67.5,45.0,585,2024-03-02 10:57:55.998438+00:00
534,2024-03-02 11:02:48.340561+00:00,68.0,87.5,67.5,95.0,586,2024-03-02 10:58:53.746396+00:00
535,2024-03-02 11:09:03.763094+00:00,76.0,82.5,77.5,85.0,587,2024-03-02 10:59:29.356477+00:00
536,2024-03-03 00:18:50.934259+00:00,76.0,85.0,7.5,77.5,588,2024-03-02 11:03:06.492069+00:00
537,2024-03-02 11:06:19.035992+00:00,88.0,87.5,90.0,92.5,582,2024-03-02 11:04:02.664441+00:00
538,2024-03-02 11:10:30.449978+00:00,72.0,70.0,67.5,55.0,589,2024-03-02 11:04:19.804652+00:00
539,2024-03-02 11:09:40.229662+00:00,88.0,87.5,87.5,77.5,590,2024-03-02 11:04:33.434786+00:00
540,2024-03-02 11:11:42.151621+00:00,96.0,87.5,80.0,82.5,591,2024-03-02 11:07:33.996686+00:00
541,2024-03-02 11:14:17.500125+00:00,88.0,82.5,72.5,85.0,594,2024-03-02 11:09:56.822361+00:00
542,2024-03-02 11:12:22.627671+00:00,24.0,,,,597,2024-03-02 11:12:22.626296+00:00
543,2024-03-02 11:16:27.542038+00:00,88.0,75.0,20.0,70.0,598,2024-03-02 11:13:39.174406+00:00
544,2024-03-02 11:15:23.380352+00:00,76.0,77.5,72.5,77.5,599,2024-03-02 11:13:39.471497+00:00
545,2024-03-02 11:21:31.841249+00:00,88.0,90.0,62.5,77.5,601,2024-03-02 11:18:21.840224+00:00
546,2024-03-02 11:21:08.051372+00:00,64.0,70.0,77.5,80.0,602,2024-03-02 11:18:54.723899+00:00
547,2024-03-02 11:26:45.375265+00:00,72.0,85.0,72.5,77.5,604,2024-03-02 11:22:35.605764+00:00
548,2024-03-02 11:34:02.632584+00:00,84.0,82.5,82.5,77.5,606,2024-03-02 11:24:17.315424+00:00
549,2024-03-02 11:27:31.567507+00:00,68.0,62.5,,,605,2024-03-02 11:24:28.113128+00:00
550,2024-03-02 11:30:49.332413+00:00,68.0,80.0,80.0,70.0,607,2024-03-02 11:25:33.182888+00:00
551,2024-03-02 11:31:27.362001+00:00,80.0,75.0,70.0,77.5,608,2024-03-02 11:28:26.159507+00:00
552,2024-03-02 11:38:25.478339+00:00,28.0,82.5,80.0,72.5,614,2024-03-02 11:28:41.423596+00:00
553,2024-03-02 11:35:11.074455+00:00,80.0,62.5,42.5,55.0,611,2024-03-02 11:29:03.298099+00:00
554,2024-03-02 11:36:18.564974+00:00,96.0,87.5,62.5,77.5,610,2024-03-02 11:29:10.666056+00:00
555,2024-03-02 11:33:25.271333+00:00,72.0,65.0,60.0,72.5,612,2024-03-02 11:29:13.714179+00:00
556,2024-03-02 11:32:09.738044+00:00,88.0,92.5,75.0,90.0,613,2024-03-02 11:29:17.722911+00:00
557,2024-03-02 11:36:08.639195+00:00,96.0,72.5,72.5,75.0,615,2024-03-02 11:29:18.724210+00:00
558,2024-03-02 12:16:41.878107+00:00,84.0,82.5,70.0,85.0,617,2024-03-02 11:30:19.908467+00:00
559,2024-03-02 11:32:33.838591+00:00,92.0,85.0,75.0,82.5,616,2024-03-02 11:30:39.216964+00:00
560,2024-03-02 11:36:58.728853+00:00,80.0,85.0,70.0,70.0,618,2024-03-02 11:30:56.394835+00:00
561,2024-03-02 11:35:57.669588+00:00,80.0,82.5,77.5,87.5,619,2024-03-02 11:32:12.619032+00:00
562,2024-03-02 11:38:45.810114+00:00,80.0,62.5,62.5,67.5,545,2024-03-02 11:33:58.510024+00:00
563,2024-03-02 11:40:52.589352+00:00,96.0,75.0,92.5,85.0,622,2024-03-02 11:35:36.608588+00:00
564,2024-03-02 11:41:31.043617+00:00,56.0,82.5,82.5,80.0,609,2024-03-02 11:36:09.381725+00:00
565,2024-03-02 11:39:03.024357+00:00,88.0,65.0,77.5,75.0,624,2024-03-02 11:36:29.466950+00:00
566,2024-03-02 11:43:57.661117+00:00,72.0,75.0,65.0,72.5,623,2024-03-02 11:36:29.608998+00:00
567,2024-03-02 11:40:27.956388+00:00,64.0,87.5,77.5,82.5,625,2024-03-02 11:37:41.547913+00:00
568,2024-03-02 11:43:10.402777+00:00,100.0,67.5,87.5,80.0,621,2024-03-02 11:38:01.351894+00:00
569,2024-03-02 11:44:00.108594+00:00,60.0,65.0,57.5,70.0,626,2024-03-02 11:38:17.026797+00:00
570,2024-03-02 11:43:43.528771+00:00,80.0,72.5,77.5,82.5,627,2024-03-02 11:39:14.854580+00:00
571,2024-03-02 11:42:27.081187+00:00,92.0,80.0,82.5,82.5,628,2024-03-02 11:40:16.584434+00:00
572,2024-03-02 11:46:48.456480+00:00,96.0,87.5,85.0,87.5,629,2024-03-02 11:42:28.476184+00:00
573,2024-03-02 11:47:09.902628+00:00,84.0,80.0,72.5,70.0,631,2024-03-02 11:42:30.696224+00:00
574,2024-03-02 11:44:02.040100+00:00,28.0,22.5,22.5,20.0,633,2024-03-02 11:42:31.688783+00:00
575,2024-03-02 11:47:06.106958+00:00,84.0,65.0,67.5,72.5,632,2024-03-02 11:42:46.859287+00:00
576,2024-03-02 11:48:57.582627+00:00,88.0,92.5,82.5,87.5,635,2024-03-02 11:43:50.809155+00:00
577,2024-03-02 11:46:30.854054+00:00,92.0,90.0,80.0,87.5,630,2024-03-02 11:43:51.529291+00:00
578,2024-03-02 11:49:47.629551+00:00,92.0,92.5,80.0,85.0,636,2024-03-02 11:44:05.674570+00:00
579,2024-03-02 11:48:41.684423+00:00,84.0,77.5,77.5,75.0,634,2024-03-02 11:44:27.074640+00:00
580,2024-03-02 11:48:49.368470+00:00,92.0,87.5,72.5,67.5,637,2024-03-02 11:45:23.201224+00:00
581,2024-03-02 11:55:56.451289+00:00,92.0,80.0,67.5,72.5,638,2024-03-02 11:46:30.555319+00:00
582,2024-03-02 11:51:39.111195+00:00,92.0,90.0,85.0,82.5,640,2024-03-02 11:48:51.454153+00:00
583,2024-03-02 11:56:52.409454+00:00,28.0,72.5,62.5,70.0,641,2024-03-02 11:50:59.983638+00:00
584,2024-03-02 11:55:34.164569+00:00,92.0,70.0,67.5,85.0,644,2024-03-02 11:51:07.395667+00:00
585,2024-03-02 11:58:02.263819+00:00,96.0,87.5,80.0,90.0,642,2024-03-02 11:51:11.407810+00:00
586,2024-03-02 11:58:14.268995+00:00,64.0,90.0,70.0,80.0,646,2024-03-02 11:52:18.288983+00:00
587,2024-03-02 12:01:37.982585+00:00,64.0,75.0,67.5,65.0,648,2024-03-02 11:56:43.551377+00:00
588,2024-03-02 12:02:13.984679+00:00,88.0,90.0,70.0,67.5,649,2024-03-02 11:57:03.463125+00:00
589,2024-03-02 12:04:30.347760+00:00,88.0,90.0,85.0,72.5,651,2024-03-02 11:59:07.233862+00:00
590,2024-03-02 12:07:36.802320+00:00,80.0,80.0,55.0,67.5,652,2024-03-02 11:59:27.574272+00:00
591,2024-03-02 12:11:12.203268+00:00,80.0,80.0,80.0,77.5,650,2024-03-02 12:00:24.078125+00:00
592,2024-03-02 12:08:26.246346+00:00,92.0,92.5,67.5,87.5,655,2024-03-02 12:00:53.568823+00:00
593,2024-03-02 12:05:33.264631+00:00,44.0,80.0,65.0,82.5,654,2024-03-02 12:01:21.848983+00:00
594,2024-03-02 12:06:51.550732+00:00,68.0,97.5,75.0,80.0,658,2024-03-02 12:01:34.728833+00:00
595,2024-03-02 12:07:39.792355+00:00,84.0,75.0,85.0,82.5,653,2024-03-02 12:02:27.886509+00:00
596,2024-03-02 12:12:55.979077+00:00,92.0,80.0,60.0,67.5,661,2024-03-02 12:03:21.433436+00:00
597,2024-03-02 12:09:08.688920+00:00,88.0,77.5,70.0,75.0,662,2024-03-02 12:04:18.971809+00:00
598,2024-03-02 12:08:25.193088+00:00,84.0,85.0,62.5,80.0,663,2024-03-02 12:04:49.079360+00:00
599,2024-03-02 12:08:59.699747+00:00,100.0,75.0,65.0,80.0,664,2024-03-02 12:05:36.056770+00:00
600,2024-03-02 12:14:45.461950+00:00,68.0,80.0,72.5,67.5,666,2024-03-02 12:07:06.259197+00:00
601,2024-03-02 12:15:17.616550+00:00,76.0,70.0,60.0,65.0,665,2024-03-02 12:10:32.466997+00:00
602,2024-03-02 12:21:19.718768+00:00,72.0,85.0,90.0,85.0,670,2024-03-02 12:15:09.494205+00:00
603,2024-03-02 12:21:56.310407+00:00,80.0,82.5,70.0,70.0,671,2024-03-02 12:16:53.702499+00:00
604,2024-03-02 12:23:04.716616+00:00,84.0,95.0,70.0,85.0,656,2024-03-02 12:18:14.585068+00:00
605,2024-03-02 12:22:00.194763+00:00,88.0,77.5,87.5,87.5,673,2024-03-02 12:18:56.333409+00:00
606,2024-03-02 12:29:38.888399+00:00,96.0,85.0,77.5,77.5,675,2024-03-02 12:21:11.489357+00:00
607,2024-03-02 12:29:07.043434+00:00,84.0,85.0,57.5,72.5,677,2024-03-02 12:22:13.015704+00:00
608,2024-03-02 12:34:44.663475+00:00,84.0,77.5,77.5,67.5,678,2024-03-02 12:27:46.974600+00:00
609,2024-03-02 12:35:30.496966+00:00,80.0,80.0,62.5,77.5,681,2024-03-02 12:31:20.093412+00:00
610,2024-03-02 12:36:01.360885+00:00,72.0,77.5,72.5,70.0,683,2024-03-02 12:31:56.517397+00:00
611,2024-03-02 12:38:41.522401+00:00,88.0,65.0,55.0,80.0,684,2024-03-02 12:33:57.708458+00:00
612,2024-03-02 12:40:06.195007+00:00,100.0,85.0,80.0,80.0,686,2024-03-02 12:35:10.887540+00:00
613,2024-03-02 12:38:21.939661+00:00,80.0,77.5,72.5,87.5,688,2024-03-02 12:36:06.408457+00:00
614,2024-03-02 12:43:53.820224+00:00,80.0,85.0,87.5,90.0,689,2024-03-02 12:37:34.725213+00:00
615,2024-03-02 13:15:34.780118+00:00,88.0,80.0,80.0,77.5,687,2024-03-02 12:38:31.708351+00:00
616,2024-03-02 12:57:50.644764+00:00,88.0,82.5,65.0,85.0,682,2024-03-02 12:40:15.119281+00:00
617,2024-03-02 12:48:26.797236+00:00,96.0,95.0,82.5,85.0,691,2024-03-02 12:40:21.780215+00:00
618,2024-03-02 12:49:03.078612+00:00,88.0,85.0,90.0,77.5,690,2024-03-02 12:41:36.584073+00:00
619,2024-03-02 12:53:45.394314+00:00,88.0,80.0,75.0,72.5,692,2024-03-02 12:46:23.884401+00:00
620,2024-03-02 12:49:26.167775+00:00,80.0,92.5,87.5,87.5,693,2024-03-02 12:46:44.343826+00:00
621,2024-03-02 12:50:32.542180+00:00,80.0,67.5,65.0,55.0,694,2024-03-02 12:47:07.374088+00:00
622,2024-03-02 12:52:38.903686+00:00,96.0,92.5,70.0,82.5,695,2024-03-02 12:47:34.672927+00:00
623,2024-03-02 12:52:56.191756+00:00,52.0,85.0,67.5,70.0,697,2024-03-02 12:48:05.567719+00:00
624,2024-03-02 12:52:40.829732+00:00,92.0,85.0,57.5,72.5,696,2024-03-02 12:48:12.526968+00:00
625,2024-03-02 12:52:45.315552+00:00,92.0,87.5,82.5,77.5,698,2024-03-02 12:48:43.881650+00:00
626,2024-03-02 12:55:29.630853+00:00,72.0,72.5,85.0,85.0,700,2024-03-02 12:51:43.689477+00:00
627,2024-03-02 13:02:04.166173+00:00,44.0,82.5,50.0,77.5,702,2024-03-02 12:56:21.562131+00:00
628,2024-03-02 13:01:52.842547+00:00,72.0,82.5,87.5,72.5,701,2024-03-02 12:56:43.519204+00:00
629,2024-03-02 13:05:55.747541+00:00,80.0,72.5,80.0,80.0,703,2024-03-02 12:59:06.205640+00:00
630,2024-03-02 13:06:59.372000+00:00,96.0,70.0,75.0,80.0,667,2024-03-02 13:04:28.082150+00:00
631,2024-03-02 13:09:10.854805+00:00,88.0,85.0,77.5,87.5,704,2024-03-02 13:07:06.717880+00:00
632,2024-03-02 13:15:17.943370+00:00,88.0,90.0,82.5,77.5,705,2024-03-02 13:09:25.918345+00:00
633,2024-03-02 13:24:38.586907+00:00,92.0,60.0,82.5,80.0,706,2024-03-02 13:15:13.927045+00:00
634,2024-03-02 13:23:07.561215+00:00,88.0,85.0,80.0,85.0,707,2024-03-02 13:18:19.461426+00:00
635,2024-03-02 13:34:38.858855+00:00,84.0,77.5,75.0,82.5,709,2024-03-02 13:23:09.909985+00:00
636,2024-03-02 13:30:08.984762+00:00,76.0,67.5,77.5,60.0,710,2024-03-02 13:25:17.780051+00:00
637,2024-03-02 13:35:14.878303+00:00,76.0,85.0,70.0,87.5,711,2024-03-02 13:28:20.508997+00:00
638,2024-03-02 13:32:34.325384+00:00,88.0,95.0,87.5,97.5,712,2024-03-02 13:29:13.487739+00:00
639,2024-03-02 13:30:57.945471+00:00,72.0,,,,713,2024-03-02 13:30:57.944482+00:00
640,2024-03-02 13:36:06.987363+00:00,88.0,92.5,72.5,80.0,714,2024-03-02 13:31:07.319936+00:00
641,2024-03-02 13:39:11.699135+00:00,76.0,85.0,70.0,67.5,716,2024-03-02 13:32:14.197406+00:00
642,2024-03-02 13:42:18.891563+00:00,92.0,77.5,85.0,75.0,715,2024-03-02 13:32:37.627016+00:00
643,2024-03-02 13:37:43.752331+00:00,84.0,70.0,60.0,60.0,717,2024-03-02 13:34:59.495720+00:00
644,2024-03-02 13:42:54.212841+00:00,76.0,80.0,67.5,60.0,719,2024-03-02 13:40:39.641619+00:00
645,2024-03-02 13:46:05.442100+00:00,88.0,75.0,77.5,87.5,718,2024-03-02 13:40:57.878700+00:00
646,2024-03-02 13:59:00.560503+00:00,76.0,100.0,77.5,87.5,721,2024-03-02 13:55:53.101599+00:00
647,2024-03-02 14:06:44.096030+00:00,84.0,95.0,92.5,100.0,723,2024-03-02 14:01:29.624116+00:00
648,2024-03-02 14:06:52.728577+00:00,56.0,80.0,80.0,77.5,722,2024-03-02 14:01:52.960013+00:00
649,2024-03-02 14:06:17.923959+00:00,76.0,82.5,87.5,90.0,725,2024-03-02 14:02:12.156831+00:00
650,2024-03-02 14:11:39.271596+00:00,88.0,95.0,67.5,75.0,726,2024-03-02 14:04:38.843446+00:00
651,2024-03-02 14:12:59.747148+00:00,80.0,65.0,72.5,65.0,724,2024-03-02 14:04:43.564763+00:00
652,2024-03-02 14:15:52.715827+00:00,88.0,90.0,62.5,62.5,727,2024-03-02 14:06:46.386819+00:00
653,2024-03-02 14:09:44.493247+00:00,88.0,75.0,70.0,90.0,728,2024-03-02 14:07:07.179072+00:00
654,2024-03-02 14:16:55.432004+00:00,84.0,72.5,75.0,67.5,729,2024-03-02 14:09:54.765851+00:00
655,2024-03-02 14:18:21.433943+00:00,76.0,80.0,67.5,72.5,730,2024-03-02 14:12:53.162103+00:00
656,2024-03-02 14:19:40.161420+00:00,72.0,60.0,70.0,65.0,731,2024-03-02 14:13:32.122874+00:00
657,2024-03-02 14:33:15.056161+00:00,76.0,65.0,80.0,90.0,732,2024-03-02 14:29:14.447072+00:00
658,2024-03-02 14:38:02.372422+00:00,28.0,,,,733,2024-03-02 14:38:02.371185+00:00
659,2024-03-02 15:02:55.216293+00:00,88.0,92.5,82.5,85.0,734,2024-03-02 14:59:08.559617+00:00
660,2024-03-02 15:03:33.790454+00:00,92.0,82.5,92.5,82.5,735,2024-03-02 14:59:27.291962+00:00
661,2024-03-02 15:29:31.608339+00:00,92.0,72.5,82.5,87.5,737,2024-03-02 15:24:01.816776+00:00
662,2024-03-02 15:35:45.228592+00:00,88.0,92.5,50.0,80.0,738,2024-03-02 15:26:13.567005+00:00
663,2024-03-02 15:35:20.817076+00:00,76.0,87.5,70.0,75.0,740,2024-03-02 15:32:29.777272+00:00
664,2024-03-02 15:38:10.862858+00:00,92.0,82.5,85.0,70.0,739,2024-03-02 15:32:54.039500+00:00
665,2024-03-02 15:36:43.509009+00:00,72.0,82.5,75.0,80.0,741,2024-03-02 15:34:22.863540+00:00
666,2024-03-02 15:37:54.556450+00:00,96.0,82.5,80.0,85.0,742,2024-03-02 15:34:40.261271+00:00
667,2024-03-02 15:53:54.790414+00:00,88.0,72.5,65.0,72.5,743,2024-03-02 15:48:20.516694+00:00
668,2024-03-02 15:53:41.874712+00:00,80.0,95.0,82.5,87.5,744,2024-03-02 15:51:30.415382+00:00
669,2024-03-02 16:12:46.422991+00:00,80.0,77.5,55.0,67.5,745,2024-03-02 16:07:02.170273+00:00
670,2024-03-02 16:27:05.945851+00:00,60.0,80.0,62.5,72.5,746,2024-03-02 16:21:46.866246+00:00
671,2024-03-02 16:35:34.013927+00:00,68.0,87.5,70.0,67.5,747,2024-03-02 16:26:32.212668+00:00
672,2024-03-02 16:41:16.270911+00:00,88.0,95.0,80.0,85.0,748,2024-03-02 16:36:31.129798+00:00
673,2024-03-02 16:58:14.911237+00:00,72.0,62.5,60.0,75.0,749,2024-03-02 16:47:11.987953+00:00
674,2024-03-02 17:33:01.322365+00:00,92.0,80.0,85.0,80.0,752,2024-03-02 17:29:20.874409+00:00
675,2024-03-02 17:39:48.458303+00:00,88.0,82.5,80.0,85.0,753,2024-03-02 17:34:20.475372+00:00
676,2024-03-02 17:56:59.854615+00:00,88.0,92.5,77.5,85.0,755,2024-03-02 17:53:34.271727+00:00
677,2024-03-02 18:10:59.492892+00:00,56.0,62.5,67.5,70.0,756,2024-03-02 18:08:07.581861+00:00
678,2024-03-02 18:37:13.099290+00:00,80.0,67.5,77.5,75.0,757,2024-03-02 18:34:50.039263+00:00
679,2024-03-02 22:24:41.070604+00:00,80.0,77.5,72.5,92.5,761,2024-03-02 22:15:05.371444+00:00
680,2024-03-02 22:57:14.282748+00:00,84.0,87.5,65.0,92.5,762,2024-03-02 22:52:45.087359+00:00
681,2024-03-02 23:18:35.004299+00:00,80.0,82.5,87.5,87.5,763,2024-03-02 23:13:04.634060+00:00
682,2024-03-02 23:26:24.665735+00:00,80.0,,,,764,2024-03-02 23:26:24.664744+00:00
683,2024-03-03 00:03:54.253148+00:00,92.0,80.0,82.5,85.0,766,2024-03-03 00:00:42.924859+00:00
684,2024-03-03 00:19:12.305189+00:00,84.0,65.0,80.0,77.5,767,2024-03-03 00:15:18.196597+00:00
685,2024-03-03 00:19:37.499792+00:00,80.0,85.0,82.5,77.5,768,2024-03-03 00:15:59.300524+00:00
686,2024-03-03 00:32:27.669854+00:00,84.0,90.0,87.5,92.5,770,2024-03-03 00:30:07.745534+00:00
687,2024-03-03 00:51:18.517867+00:00,92.0,70.0,82.5,75.0,772,2024-03-03 00:48:15.451289+00:00
688,2024-03-03 01:02:10.366142+00:00,96.0,85.0,75.0,82.5,774,2024-03-03 00:58:53.687749+00:00
689,2024-03-03 01:33:10.313743+00:00,84.0,85.0,85.0,87.5,775,2024-03-03 01:25:46.695802+00:00
690,2024-03-03 01:40:16.173300+00:00,96.0,82.5,92.5,87.5,776,2024-03-03 01:35:42.359002+00:00
691,2024-03-03 01:43:55.440907+00:00,80.0,72.5,80.0,62.5,777,2024-03-03 01:41:42.189826+00:00
692,2024-03-03 02:10:52.732541+00:00,76.0,72.5,65.0,75.0,778,2024-03-03 02:02:42.318148+00:00
693,2024-03-03 02:09:40.666146+00:00,96.0,92.5,82.5,92.5,779,2024-03-03 02:05:05.322303+00:00
694,2024-03-03 02:39:18.076370+00:00,92.0,77.5,72.5,77.5,781,2024-03-03 02:35:37.372250+00:00
695,2024-03-03 02:47:25.636780+00:00,64.0,82.5,62.5,75.0,782,2024-03-03 02:44:32.820872+00:00
696,2024-03-03 02:52:18.503293+00:00,96.0,85.0,82.5,75.0,783,2024-03-03 02:49:15.802816+00:00
697,2024-03-03 03:16:58.981733+00:00,92.0,90.0,82.5,87.5,784,2024-03-03 03:14:13.005133+00:00
698,2024-03-03 03:58:46.024943+00:00,68.0,80.0,67.5,77.5,785,2024-03-03 03:53:26.880317+00:00
699,2024-03-03 04:14:46.961493+00:00,92.0,75.0,75.0,62.5,787,2024-03-03 04:09:01.561128+00:00
700,2024-03-03 04:28:59.408598+00:00,80.0,82.5,80.0,87.5,788,2024-03-03 04:23:34.644017+00:00
701,2024-03-03 04:28:42.291971+00:00,80.0,95.0,80.0,87.5,789,2024-03-03 04:23:47.709506+00:00
702,2024-03-03 04:33:02.845411+00:00,64.0,,,,790,2024-03-03 04:33:02.844378+00:00
703,2024-03-03 05:18:47.642635+00:00,88.0,77.5,62.5,77.5,792,2024-03-03 05:14:09.118644+00:00
704,2024-03-03 05:20:31.669448+00:00,92.0,85.0,80.0,87.5,794,2024-03-03 05:16:55.297191+00:00
705,2024-03-03 05:41:03.786144+00:00,48.0,15.0,20.0,22.5,795,2024-03-03 05:39:27.014294+00:00
706,2024-03-03 06:03:35.676669+00:00,80.0,72.5,70.0,70.0,796,2024-03-03 06:00:13.873941+00:00
707,2024-03-03 06:09:16.365367+00:00,96.0,80.0,65.0,67.5,797,2024-03-03 06:05:32.199002+00:00
708,2024-03-03 07:23:47.838266+00:00,92.0,90.0,82.5,85.0,798,2024-03-03 07:21:05.438775+00:00
709,2024-03-03 07:30:42.267274+00:00,92.0,82.5,85.0,80.0,799,2024-03-03 07:24:07.729633+00:00
710,2024-03-03 08:29:42.605098+00:00,72.0,82.5,85.0,85.0,800,2024-03-03 08:21:22.433964+00:00
711,2024-03-03 09:12:37.667927+00:00,92.0,87.5,85.0,80.0,801,2024-03-03 09:10:02.914855+00:00
712,2024-03-03 10:20:12.795538+00:00,64.0,77.5,67.5,72.5,803,2024-03-03 10:16:16.252820+00:00
713,2024-03-03 10:48:11.685176+00:00,80.0,92.5,75.0,77.5,804,2024-03-03 10:46:06.496879+00:00
714,2024-03-03 11:21:18.594561+00:00,92.0,85.0,70.0,77.5,806,2024-03-03 11:16:14.607955+00:00
715,2024-03-03 12:16:33.827557+00:00,100.0,90.0,85.0,82.5,809,2024-03-03 12:12:56.668585+00:00
716,2024-03-03 12:41:01.422864+00:00,84.0,87.5,77.5,85.0,810,2024-03-03 12:35:40.179759+00:00
717,2024-03-03 12:43:29.181630+00:00,64.0,65.0,80.0,90.0,811,2024-03-03 12:38:03.800039+00:00
718,2024-03-03 13:22:25.969107+00:00,88.0,60.0,70.0,67.5,812,2024-03-03 13:15:52.528774+00:00
719,2024-03-03 14:50:48.459164+00:00,88.0,90.0,80.0,77.5,814,2024-03-03 14:45:31.628686+00:00
720,2024-03-03 14:53:23.845965+00:00,88.0,87.5,70.0,80.0,816,2024-03-03 14:47:40.622103+00:00
721,2024-03-03 14:58:58.491814+00:00,80.0,67.5,77.5,65.0,815,2024-03-03 14:48:03.182585+00:00
722,2024-03-03 19:51:28.535327+00:00,72.0,80.0,77.5,82.5,819,2024-03-03 19:40:34.438576+00:00
723,2024-03-03 22:54:27.662110+00:00,48.0,85.0,65.0,67.5,820,2024-03-03 22:39:55.390161+00:00
724,2024-03-03 23:02:51.240426+00:00,92.0,87.5,87.5,77.5,821,2024-03-03 22:59:43.540173+00:00
725,2024-03-04 01:03:32.504375+00:00,84.0,85.0,82.5,72.5,822,2024-03-04 00:53:51.565436+00:00
726,2024-03-04 01:02:26.739164+00:00,100.0,97.5,95.0,95.0,823,2024-03-04 00:56:29.262909+00:00
727,2024-03-04 03:23:46.309000+00:00,92.0,80.0,67.5,72.5,826,2024-03-04 03:19:00.729051+00:00
728,2024-03-04 03:28:44.498755+00:00,88.0,75.0,82.5,67.5,825,2024-03-04 03:25:42.477853+00:00
729,2024-03-04 03:44:16.475098+00:00,92.0,87.5,77.5,90.0,643,2024-03-04 03:36:57.588924+00:00
730,2024-03-04 04:05:53.880607+00:00,76.0,65.0,62.5,77.5,827,2024-03-04 03:58:49.915402+00:00
731,2024-03-04 04:47:07.305663+00:00,68.0,77.5,57.5,75.0,791,2024-03-04 04:44:41.828122+00:00
732,2024-03-04 07:27:57.709825+00:00,92.0,92.5,80.0,80.0,831,2024-03-04 07:23:50.181098+00:00
733,2024-03-04 08:42:01.133247+00:00,96.0,75.0,82.5,82.5,833,2024-03-04 08:39:41.104259+00:00
734,2024-03-04 08:50:46.934373+00:00,84.0,67.5,75.0,60.0,834,2024-03-04 08:44:26.100652+00:00
735,2024-03-04 10:12:00.380452+00:00,72.0,67.5,70.0,62.5,835,2024-03-04 10:01:58.554835+00:00
736,2024-03-04 12:00:39.871648+00:00,72.0,90.0,57.5,72.5,837,2024-03-04 11:52:31.134090+00:00
737,2024-03-04 12:03:29.399872+00:00,80.0,70.0,50.0,75.0,836,2024-03-04 11:53:38.404608+00:00
738,2024-03-04 12:18:26.482533+00:00,88.0,92.5,75.0,90.0,830,2024-03-04 12:14:46.589845+00:00
739,2024-03-04 12:20:49.013207+00:00,80.0,60.0,75.0,75.0,838,2024-03-04 12:18:20.230700+00:00
740,2024-03-04 12:24:13.793932+00:00,76.0,80.0,75.0,80.0,839,2024-03-04 12:18:56.932662+00:00
741,2024-03-04 13:18:41.001297+00:00,64.0,75.0,52.5,77.5,841,2024-03-04 13:12:15.109720+00:00
742,2024-03-04 13:37:49.272634+00:00,100.0,75.0,72.5,65.0,840,2024-03-04 13:16:22.255666+00:00
743,2024-03-04 13:45:03.923624+00:00,92.0,87.5,77.5,90.0,842,2024-03-04 13:35:50.616539+00:00
744,2024-03-04 13:44:31.721425+00:00,36.0,62.5,67.5,60.0,843,2024-03-04 13:42:06.590330+00:00
745,2024-03-04 14:26:29.234134+00:00,76.0,70.0,67.5,70.0,844,2024-03-04 14:19:45.765728+00:00
746,2024-03-04 15:10:44.182632+00:00,100.0,82.5,87.5,77.5,845,2024-03-04 15:05:45.330274+00:00
747,2024-03-04 16:18:10.144823+00:00,92.0,87.5,85.0,90.0,846,2024-03-04 16:15:20.447495+00:00
748,2024-03-05 02:12:03.478266+00:00,88.0,75.0,67.5,75.0,850,2024-03-05 02:04:23.927102+00:00
749,2024-03-05 04:37:00.435814+00:00,76.0,57.5,45.0,57.5,851,2024-03-05 04:33:36.483335+00:00
750,2024-03-05 05:18:09.603631+00:00,68.0,67.5,62.5,67.5,852,2024-03-05 05:16:05.151246+00:00
751,2024-03-05 06:34:35.145864+00:00,76.0,95.0,70.0,72.5,853,2024-03-05 06:31:37.149827+00:00
752,2024-03-05 08:22:25.574366+00:00,80.0,72.5,57.5,85.0,856,2024-03-05 08:18:45.219233+00:00
753,2024-03-05 10:15:33.843192+00:00,80.0,77.5,62.5,72.5,858,2024-03-05 10:11:19.352063+00:00
754,2024-03-06 00:46:23.515804+00:00,68.0,85.0,57.5,67.5,859,2024-03-06 00:42:27.035479+00:00
755,2024-03-06 01:49:03.192227+00:00,88.0,70.0,62.5,55.0,860,2024-03-06 01:43:34.328434+00:00
756,2024-03-06 02:15:36.764955+00:00,72.0,67.5,75.0,72.5,861,2024-03-06 02:11:58.791200+00:00
757,2024-03-06 09:13:47.658966+00:00,72.0,85.0,82.5,75.0,863,2024-03-06 09:11:17.645243+00:00
758,2024-03-06 09:19:19.852482+00:00,100.0,90.0,92.5,95.0,864,2024-03-06 09:13:46.428940+00:00
759,2024-03-06 11:24:34.220911+00:00,76.0,92.5,62.5,85.0,865,2024-03-06 11:21:14.666545+00:00
760,2024-03-06 13:38:09.329774+00:00,80.0,85.0,70.0,72.5,866,2024-03-06 13:32:55.464029+00:00
761,2024-03-07 01:15:54.631383+00:00,80.0,80.0,82.5,82.5,867,2024-03-07 01:12:46.320457+00:00
762,2024-03-07 01:27:13.309352+00:00,72.0,65.0,65.0,60.0,868,2024-03-07 01:20:58.345168+00:00
763,2024-03-07 04:45:21.297749+00:00,72.0,67.5,72.5,67.5,750,2024-03-07 04:38:57.787937+00:00
764,2024-03-07 07:50:19.843333+00:00,92.0,77.5,87.5,82.5,832,2024-03-07 07:48:18.490176+00:00
765,2024-03-07 10:29:53.711242+00:00,68.0,85.0,62.5,75.0,869,2024-03-07 10:24:38.248052+00:00
766,2024-03-07 11:34:01.790787+00:00,88.0,87.5,75.0,80.0,870,2024-03-07 11:30:41.005818+00:00
767,2024-03-09 04:08:04.752191+00:00,68.0,85.0,67.5,72.5,657,2024-03-09 03:48:00.719611+00:00
768,2024-03-09 14:06:42.488781+00:00,48.0,77.5,52.5,60.0,872,2024-03-09 14:00:53.917890+00:00
769,2024-03-10 15:19:52.071800+00:00,76.0,95.0,67.5,77.5,873,2024-03-10 15:16:35.436220+00:00
770,2024-03-11 04:11:53.027512+00:00,88.0,80.0,92.5,85.0,874,2024-03-11 04:09:05.082187+00:00
771,2024-03-11 05:39:39.927232+00:00,64.0,87.5,77.5,75.0,875,2024-03-11 05:34:18.043837+00:00
772,2024-03-11 07:08:19.059539+00:00,80.0,80.0,72.5,75.0,876,2024-03-11 07:02:12.497257+00:00
773,2024-03-13 11:55:44.003426+00:00,60.0,77.5,47.5,72.5,878,2024-03-13 11:52:14.027742+00:00
774,2024-03-14 08:23:25.662380+00:00,68.0,82.5,77.5,65.0,879,2024-03-14 08:19:22.861586+00:00
775,2024-03-14 10:53:21.879414+00:00,84.0,77.5,80.0,82.5,880,2024-03-14 10:48:16.272519+00:00
776,2024-03-18 02:12:52.646356+00:00,88.0,75.0,62.5,72.5,881,2024-03-18 02:08:19.635438+00:00
777,2024-03-18 02:26:53.121901+00:00,,,,77.5,882,2024-03-18 02:26:53.121009+00:00
778,2024-03-21 23:59:44.614925+00:00,72.0,75.0,77.5,77.5,886,2024-03-21 23:53:23.051344+00:00
