id,1,2,3,4,5,6,7,8,9,10,11,12,13,14,15,16,17,18,19,20,21,22,23,24,25,26,27,28,29,30,31,32,33,34,35,36,37,38,39,40,41,42,43,44,45,46,47,48,49,50,51,52,53,54,55,56,57,58,59,60,61,62,63,64,65,66,67,68,69,70,71,72,73,74,75,76,77,78,79,80,81,82,83,84,85,86,87,88,89,90,91,92,93,94,95,96,97,98,99,100
4421,3,1,1,1,1,1,3,3,1,1,1,1,1,1,1,1,2,1,1,4,1,1,1,2,1,1,3,1,1,1,1,1,1,1,1,1,1,4,1,1,1,X,3,1,1,1,1,1,3,3,1,1,1,1,1,1,1,1,2,1,1,4,1,1,1,2,1,1,3,1,1,1,1,1,1,1,1,1,1,4,1,1,1,X,1,1,1,1,1,4,1,1,1,X,1,3,1,1,1,1
4422,2,2,2,2,X,2,2,2,2,2,2,2,2,2,2,2,2,5,2,2,X,2,1,2,2,5,1,2,4,2,2,1,2,5,2,2,2,2,X,2,2,2,1,2,2,2,2,2,X,2,2,2,2,2,2,2,2,2,2,2,2,5,2,2,X,2,1,2,2,5,1,2,4,2,2,1,2,5,2,2,2,2,X,2,2,2,1,2,2,2,2,2,5,2,2,2,4,2,2,1
4423,3,3,3,3,3,3,3,3,3,3,3,3,3,3,3,3,3,3,3,2,2,3,3,3,3,3,2,3,3,5,3,1,3,3,5,4,3,3,3,3,3,3,3,3,3,3,3,5,4,3,3,3,3,3,3,3,3,3,3,3,3,3,3,3,3,3,3,3,2,2,3,3,3,3,3,2,3,3,5,3,1,3,3,5,4,3,3,3,3,3,3,3,3,3,3,3,5,4,3,3
4424,4,1,1,1,3,1,1,1,1,1,1,1,1,2,1,1,1,1,1,1,1,1,4,1,4,3,3,1,2,1,2,1,4,5,1,1,1,1,1,1,1,1,1,1,4,5,1,1,1,1,1,1,1,3,1,1,1,1,1,1,1,1,2,1,1,1,1,1,1,1,1,4,1,4,3,3,1,2,1,2,1,4,5,1,1,1,1,1,1,1,1,1,1,4,5,1,1,1,1,1
4425,4,4,5,1,3,5,5,5,5,4,5,5,5,5,5,5,2,5,5,5,2,5,5,5,5,5,3,2,2,5,5,5,2,5,5,5,5,5,2,5,5,5,X,5,2,5,5,5,X,4,4,5,1,3,5,5,5,5,4,5,5,5,5,5,5,2,5,5,5,2,5,5,5,5,5,3,2,2,5,5,5,2,5,5,5,5,5,2,5,5,5,X,5,2,5,5,5,X,5,1
4426,4,1,1,1,3,1,1,1,1,1,4,5,1,3,1,1,1,1,1,5,1,1,1,1,3,3,5,1,1,5,1,1,5,3,1,1,1,2,1,5,1,1,1,1,5,X,5,1,1,4,1,1,1,3,1,1,1,1,1,4,5,1,3,1,1,1,1,1,5,1,1,1,1,3,3,5,1,1,5,1,1,5,3,1,1,1,2,1,5,1,1,1,1,5,X,5,1,1,1,4
4427,1,1,5,5,3,4,5,1,5,3,5,5,5,5,5,5,5,X,5,5,3,4,5,5,3,4,2,2,4,3,5,5,X,5,5,5,5,2,5,5,5,3,X,2,5,5,3,X,2,1,1,5,5,3,4,5,1,5,3,5,5,5,5,5,5,5,X,5,5,3,4,5,5,3,4,2,2,4,3,5,5,X,5,5,5,5,2,5,5,5,3,X,2,5,5,5,3,X,2,X
4428,2,2,2,4,2,2,2,2,X,2,2,2,4,2,2,2,2,X,2,2,2,4,2,2,2,2,X,2,2,2,4,2,2,2,2,X,2,2,2,4,2,2,2,2,X,2,2,2,4,2,2,2,2,X,2,2,2,4,2,2,2,2,X,2,2,2,4,2,2,2,2,X,2,2,2,4,2,2,2,2,X,2,2,2,4,2,2,2,2,X,2,2,2,4,2,2,2,2,X,1
4429,3,1,1,2,4,1,2,3,2,3,3,1,3,1,1,2,3,1,1,3,1,4,1,2,1,5,1,1,1,1,1,5,5,1,1,X,1,1,1,2,1,X,1,3,1,1,2,4,1,2,3,2,3,3,1,3,1,1,2,3,1,1,3,1,4,1,2,1,5,1,1,1,1,1,5,5,1,1,X,1,1,1,2,1,X,1,1,1,2,1,X,1,1,1,5,5,1,1,X,1
4430,4,4,4,4,4,4,3,4,X,4,4,4,4,4,4,3,4,X,4,4,4,4,4,4,3,4,X,4,4,4,4,4,4,3,4,X,4,4,4,4,4,4,3,4,X,1,2,X,4,4,4,4,4,4,3,4,X,4,4,4,4,4,4,3,4,X,4,4,4,4,4,4,3,4,X,4,4,4,4,4,4,3,4,X,4,4,4,4,4,4,3,4,X,1,2,X,4,X,4,4
4431,2,1,1,2,5,2,2,1,4,2,1,2,2,1,1,1,2,X,1,1,1,1,5,3,2,4,3,2,1,5,1,1,1,1,5,2,1,X,2,2,2,3,1,X,1,3,1,X,1,2,1,1,2,5,2,2,1,4,2,1,2,2,1,1,1,2,X,1,1,1,1,5,3,2,4,3,2,1,5,1,1,1,1,5,2,1,X,2,2,2,3,1,X,1,3,2,1,5,1,1
4432,3,5,4,5,5,5,5,5,4,5,5,2,4,5,X,X,5,5,X,1,X,X,5,4,X,5,5,5,4,1,5,2,2,4,5,5,2,5,5,X,5,5,2,X,X,4,4,2,5,3,5,4,5,5,5,5,5,4,5,5,2,4,5,X,X,5,5,X,1,X,X,5,4,X,5,5,5,4,1,5,2,2,4,5,5,2,5,5,X,5,5,2,X,X,4,4,5,5,2,5
4433,X,5,3,5,3,5,5,5,5,5,5,4,5,5,X,X,5,5,5,X,5,5,5,4,5,5,X,5,3,5,2,5,4,5,5,5,5,5,5,5,5,X,X,5,3,5,2,5,4,X,5,3,5,3,5,5,5,5,5,5,4,5,5,X,X,5,5,5,X,5,5,5,4,5,5,X,5,3,5,2,5,4,5,5,5,5,5,5,5,5,X,X,5,3,5,2,5,4,5,5
4434,X,1,1,1,X,2,2,5,1,5,1,2,3,1,3,5,3,X,X,3,X,4,5,2,5,X,2,2,2,1,1,3,4,4,1,3,X,4,3,3,2,1,X,X,4,1,3,X,4,3,1,1,1,X,2,2,5,1,5,1,2,3,1,3,5,3,X,X,3,X,4,5,2,5,X,2,2,2,1,1,3,4,4,1,3,X,4,3,3,2,1,X,X,4,3,3,2,1,1,3
4435,2,5,5,4,5,4,5,5,4,5,3,3,5,5,5,5,2,5,5,4,5,5,5,5,5,3,4,5,5,3,5,5,5,2,4,5,5,5,5,5,3,2,5,X,5,4,5,5,5,2,5,5,4,5,4,5,5,4,5,3,3,5,5,5,5,2,5,5,4,5,5,5,5,5,3,4,5,5,3,5,5,5,2,4,5,5,5,5,5,3,2,5,X,5,4,5,4,5,5,4
4436,2,3,3,3,3,1,3,X,2,3,3,3,3,1,3,X,2,3,3,3,3,1,3,X,2,3,3,3,3,1,3,X,2,3,3,3,3,1,3,X,2,3,3,3,3,1,3,X,2,3,3,3,3,1,3,X,2,3,3,3,3,1,3,X,2,3,3,3,3,1,3,X,2,3,3,3,3,1,3,X,2,3,3,3,3,1,3,X,2,3,3,3,3,1,3,X,1,4,5,X
4437,5,2,2,2,2,4,2,2,5,5,2,2,2,2,4,2,2,5,5,2,2,2,2,4,2,2,5,5,2,2,2,2,4,2,2,5,5,2,2,2,2,4,2,2,5,5,2,2,2,2,4,2,2,5,5,2,2,2,2,4,2,2,5,5,2,2,2,2,4,2,2,5,5,2,2,2,2,4,2,2,5,5,2,2,2,2,4,2,2,5,5,2,2,2,2,4,2,2,5,X
4438,3,5,5,5,5,5,5,5,3,3,5,5,5,5,5,5,5,3,3,5,5,5,5,5,5,5,3,3,5,5,5,5,5,5,5,3,3,5,5,5,5,5,5,5,3,3,5,5,5,5,5,5,5,3,3,5,5,5,5,5,5,5,3,3,5,5,5,5,5,5,5,3,3,5,5,5,5,5,5,5,3,3,5,5,5,5,5,5,5,3,3,5,5,5,5,5,5,5,3,5
4441,1,1,1,1,1,1,1,5,X,1,1,1,1,1,1,1,5,X,1,1,1,1,1,1,1,5,X,1,1,1,1,1,1,1,5,X,1,1,1,1,1,1,1,5,X,1,1,1,1,1,1,1,5,X,1,1,1,1,1,1,1,5,X,1,1,1,1,1,1,1,5,X,1,1,1,1,1,1,1,5,X,1,1,1,1,1,1,1,5,X,1,1,1,1,1,1,1,5,X,1
4442,1,1,1,1,3,1,1,1,1,1,1,1,1,3,1,1,1,1,1,1,1,1,3,1,1,1,1,1,1,1,1,3,1,1,1,1,1,1,1,1,3,1,1,1,1,1,1,1,1,3,1,1,1,1,1,1,1,1,3,1,1,1,1,1,1,1,1,3,1,1,1,1,1,1,1,1,3,1,1,1,1,1,1,1,1,3,1,1,1,1,1,1,1,1,3,1,1,1,1,1
4443,4,4,4,4,4,4,4,4,X,4,4,4,4,4,4,4,4,X,4,4,4,4,4,4,4,4,X,4,4,4,4,4,4,4,4,X,4,4,4,4,4,4,4,4,X,4,4,4,4,4,4,4,4,X,4,4,4,4,4,4,4,4,X,4,4,4,4,4,4,4,4,X,4,4,4,4,4,4,4,4,X,4,4,4,4,4,4,4,4,X,4,4,4,4,4,4,4,4,X,4
4445,4,5,5,5,3,5,5,5,X,4,5,5,5,3,5,5,5,X,4,5,5,5,3,5,5,5,X,4,5,5,5,3,5,5,5,X,4,5,5,5,3,5,5,5,X,4,5,5,5,3,5,5,5,X,4,5,5,5,3,5,5,5,X,4,5,5,5,3,5,5,5,X,4,5,5,5,3,5,5,5,X,4,5,5,5,3,5,5,5,X,4,5,5,5,3,5,5,5,X,5
4447,2,2,2,2,2,X,X,2,2,2,2,2,2,2,X,X,2,2,2,2,2,2,2,X,X,2,2,2,2,2,2,2,X,X,2,2,2,2,2,2,2,X,X,2,2,2,2,2,2,2,X,X,2,2,2,2,2,2,2,X,X,2,2,2,2,2,2,2,X,X,2,2,2,2,2,2,2,X,X,2,2,2,2,2,2,2,X,X,2,2,2,2,2,2,2,X,X,2,2,2
4448,3,3,3,3,5,3,X,3,X,3,3,3,3,5,3,X,3,X,3,3,3,3,5,3,X,3,X,3,3,3,3,5,3,X,3,X,3,3,3,3,5,3,X,3,X,3,3,3,3,5,3,X,3,X,3,3,3,3,5,3,X,3,X,3,3,3,3,5,3,X,3,X,3,3,3,3,5,3,X,3,X,3,3,3,3,5,3,X,3,X,3,3,3,3,5,3,X,3,3,X
4449,3,2,3,3,2,3,3,3,1,3,2,3,3,2,3,3,3,1,3,2,3,3,2,3,3,3,1,3,2,3,3,2,3,3,3,1,3,2,3,3,2,3,3,3,1,3,2,3,3,2,3,3,3,1,3,2,3,3,2,3,3,3,1,3,2,3,3,2,3,3,3,1,3,2,3,3,2,3,3,3,1,3,2,3,3,2,3,3,3,1,3,2,3,3,2,3,3,3,1,X
4450,3,5,4,4,4,2,4,4,4,3,5,4,4,4,2,4,4,4,3,5,4,4,4,2,4,4,4,3,5,4,4,4,2,4,4,4,3,5,4,4,4,2,4,4,4,3,5,4,4,4,2,4,4,4,3,5,4,4,4,2,4,4,4,3,5,4,4,4,2,4,4,4,3,5,4,4,4,2,4,4,4,3,5,4,4,4,2,4,4,4,3,5,4,4,4,2,4,4,4,4
4451,2,4,4,4,5,1,4,4,X,2,4,4,4,5,1,4,4,X,2,4,4,4,5,1,4,4,X,2,4,4,4,5,1,4,4,X,2,4,4,4,5,1,4,4,X,2,4,4,4,5,1,4,4,X,2,4,4,4,5,1,4,4,X,2,4,4,4,5,1,4,4,X,2,4,4,4,5,1,4,4,X,2,4,4,4,5,1,4,4,X,2,4,4,4,5,1,4,4,X,X
4452,1,5,4,5,4,1,1,5,4,4,5,3,1,3,5,5,3,2,3,5,1,2,3,1,1,5,2,3,3,3,5,3,4,4,3,5,5,5,3,5,3,4,X,3,1,5,4,5,4,1,1,5,4,4,5,3,1,3,5,5,3,2,3,5,1,2,3,1,1,5,2,3,3,3,5,3,4,4,3,5,5,5,3,5,3,4,X,3,5,5,5,3,5,3,4,X,3,5,3,4
4453,4,1,4,X,5,X,4,4,4,1,4,X,5,X,4,4,X,4,1,4,X,5,X,4,4,X,4,1,4,X,5,X,4,4,X,4,1,4,X,5,X,4,4,X,5,X,4,4,X,4,4,1,4,X,5,X,4,4,4,1,4,X,5,X,4,4,4,1,4,X,5,X,4,4,X,4,1,4,X,5,X,4,4,X,4,1,4,X,5,X,4,4,X,4,1,4,X,5,X,4
4454,3,1,3,3,3,X,3,5,3,1,3,3,3,X,3,5,1,3,1,3,3,3,X,3,5,1,3,1,3,3,3,X,3,5,1,3,1,3,3,3,X,3,5,1,3,X,3,5,1,3,3,1,3,3,3,X,3,5,3,1,3,3,3,X,3,5,3,1,3,3,3,X,3,5,1,3,1,3,3,3,X,3,5,1,3,1,3,3,3,X,3,5,1,3,1,3,3,3,X,3
4455,2,3,3,3,5,3,3,3,3,4,4,3,3,3,3,3,3,X,3,3,3,3,3,3,3,3,4,4,3,3,3,3,2,4,3,3,3,3,3,3,3,3,X,3,2,3,3,3,5,3,3,3,3,4,4,3,3,3,3,3,3,X,3,3,3,3,3,3,3,3,4,4,3,3,3,3,2,4,3,3,3,3,3,3,3,3,X,3,3,3,3,3,3,3,3,X,3,3,3,2
4461,3,3,3,3,3,3,3,3,3,3,3,3,3,3,3,3,X,3,3,3,3,3,3,3,3,X,3,3,3,3,3,3,3,3,X,3,3,3,3,3,3,3,3,X,3,3,3,3,X,3,3,3,3,3,3,3,3,3,3,3,3,3,3,3,3,3,3,3,3,3,3,3,3,3,X,3,3,3,3,3,3,3,3,X,3,3,3,3,3,3,3,3,X,3,3,3,3,3,3,3
4462,4,1,4,4,4,4,4,4,4,1,4,4,4,4,4,4,4,4,1,4,4,4,4,4,4,4,4,1,4,4,4,4,4,4,4,4,1,4,4,4,4,4,4,4,4,4,4,4,4,4,4,1,4,4,4,4,4,4,4,1,4,4,4,4,4,4,4,1,4,4,4,4,4,4,4,4,1,4,4,4,4,4,4,4,4,1,4,4,4,4,4,4,4,4,1,4,4,4,4,4
4463,2,2,2,2,2,2,2,2,2,2,2,2,2,2,2,2,X,2,2,2,2,2,2,2,2,X,2,2,2,2,2,2,2,2,X,2,2,2,2,2,2,2,2,X,2,2,2,2,X,2,2,2,2,2,2,2,2,2,2,2,2,2,2,2,2,2,2,2,2,2,2,2,2,2,X,2,2,2,2,2,2,2,2,X,2,2,2,2,2,2,2,2,X,2,2,2,2,2,2,2
4464,5,1,1,4,3,1,1,1,4,3,1,1,1,1,1,1,1,3,1,1,3,5,1,3,3,1,4,1,1,3,1,2,1,2,3,1,X,1,1,1,X,1,3,X,1,5,1,1,4,3,1,1,1,4,3,1,1,1,1,1,1,1,3,1,1,3,5,1,3,3,1,4,1,1,3,1,2,1,2,3,1,X,1,1,1,X,1,3,X,1,1,1,3,1,2,1,2,3,1,1
4465,4,4,4,4,4,3,4,4,4,4,4,4,4,3,4,4,4,4,4,4,4,4,3,4,4,4,4,4,4,4,4,3,4,4,4,4,4,4,4,4,3,4,4,4,4,3,4,4,4,4,4,4,4,4,4,3,4,4,4,4,4,4,4,3,4,4,4,4,4,4,4,3,4,4,4,4,4,4,4,4,3,4,4,4,4,4,4,4,4,3,4,4,4,4,4,4,4,4,3,4
4466,3,1,1,1,X,2,X,1,1,3,1,1,1,1,1,1,1,1,1,1,1,1,1,1,1,1,3,1,1,1,1,1,2,3,1,1,1,1,1,1,1,1,X,X,3,1,1,1,X,2,X,1,1,3,1,1,1,1,1,1,1,1,1,1,1,1,1,1,1,1,3,1,1,1,1,1,2,3,1,1,1,1,1,1,1,1,X,X,1,1,1,1,1,1,1,X,X,1,1,2
4467,1,1,1,1,1,1,1,1,1,1,1,1,1,1,1,1,1,1,1,1,1,1,1,1,1,1,1,1,1,1,1,1,1,1,1,1,1,1,1,1,1,1,1,1,1,1,1,1,1,1,1,1,1,1,1,1,1,1,1,1,1,1,1,1,1,1,1,1,1,1,1,1,1,1,1,1,1,1,1,1,1,1,1,1,1,1,1,1,1,1,1,1,1,1,1,1,1,1,1,1
4468,1,1,4,1,1,1,4,1,1,1,4,1,1,1,4,1,1,1,1,4,1,1,1,4,1,1,1,1,4,1,1,1,4,1,1,1,1,4,1,1,1,4,1,1,1,1,4,1,1,1,1,1,4,1,1,1,4,1,1,1,4,1,1,1,4,1,1,1,4,1,1,1,4,1,1,1,1,4,1,1,1,4,1,1,1,1,4,1,1,1,4,1,1,1,1,4,1,1,1,4
4469,X,2,2,2,X,2,2,2,X,2,2,2,X,2,2,2,X,X,2,2,2,X,2,2,2,X,X,2,2,2,X,2,2,2,X,X,2,2,2,X,2,2,2,X,X,2,2,2,X,X,X,2,2,2,X,2,2,2,X,2,2,2,X,2,2,2,X,2,2,2,X,2,2,2,X,X,2,2,2,X,2,2,2,X,X,2,2,2,X,2,2,2,X,X,2,2,2,X,2,2
4470,4,4,4,4,X,X,X,4,4,4,4,4,X,X,X,4,5,4,4,4,4,X,X,X,4,5,4,4,4,4,X,X,X,4,5,4,4,4,4,X,X,X,4,5,X,X,X,4,5,4,4,4,4,4,X,X,X,4,4,4,4,4,X,X,X,4,4,4,4,4,X,X,X,4,5,4,4,4,4,X,X,X,4,5,4,4,4,4,X,X,X,4,5,4,4,4,4,X,X,X
4471,X,4,5,X,2,3,5,5,4,5,5,3,4,5,5,1,4,2,5,4,4,5,5,2,5,3,5,2,5,2,5,5,5,5,5,3,5,5,5,5,5,2,5,X,5,X,4,5,X,2,3,5,5,4,5,5,3,4,5,5,1,4,2,5,4,4,5,5,2,5,3,5,2,5,2,5,5,5,5,5,3,5,5,5,5,5,2,5,X,5,2,5,2,5,5,5,5,5,3,5
4472,3,3,4,4,4,4,4,4,3,3,4,4,4,4,4,4,2,3,3,4,4,4,4,4,4,2,3,3,4,4,4,4,4,4,2,3,3,4,4,4,4,4,4,2,4,4,4,4,2,3,3,3,4,4,4,4,4,4,3,3,4,4,4,4,4,4,3,3,4,4,4,4,4,4,2,3,3,4,4,4,4,4,4,2,3,3,4,4,4,4,4,4,2,3,3,4,4,4,4,4
4473,4,5,5,2,5,4,5,5,4,3,5,1,2,5,5,5,X,X,5,5,5,1,5,2,4,3,3,3,5,5,2,3,5,5,5,4,4,4,5,4,5,4,5,5,2,5,4,5,5,4,3,5,1,2,5,5,5,X,X,5,5,5,1,5,2,4,3,3,3,5,5,2,3,5,5,5,4,4,4,5,4,5,1,5,2,4,3,3,3,5,5,2,3,5,5,5,5,4,5,1
4474,2,3,3,3,5,2,4,3,3,5,4,3,3,3,3,3,2,3,4,3,3,3,3,4,2,4,4,3,3,2,3,3,3,5,3,3,3,3,2,3,3,3,X,4,2,3,3,3,5,2,4,3,3,5,4,3,3,3,3,3,2,3,4,3,3,3,3,4,2,4,4,3,3,2,3,3,3,5,3,3,3,3,2,3,3,3,X,4,3,3,3,2,3,3,3,X,4,3,3,3
4475,5,5,5,4,4,5,4,4,4,1,1,5,5,5,5,5,5,4,5,1,5,1,5,4,1,3,2,4,1,1,5,4,5,5,4,X,5,5,1,5,4,X,4,5,5,5,4,4,5,4,4,4,1,1,5,5,5,5,5,5,4,5,1,5,1,5,4,1,3,2,4,1,1,5,4,5,5,4,X,5,5,1,5,4,X,4,1,1,5,4,5,5,4,X,5,5,1,5,4,5
4477,3,3,X,1,5,3,3,3,3,5,5,3,3,3,4,3,3,X,3,3,X,X,3,4,5,X,4,5,4,3,2,3,3,5,3,3,3,3,3,3,1,X,X,3,3,3,X,1,5,3,3,3,3,5,5,3,3,3,4,3,3,X,3,3,X,X,3,4,5,X,4,5,4,3,2,3,3,5,3,3,3,3,3,3,1,X,X,3,3,3,3,3,3,1,X,X,3,2,3,3
4478,1,1,3,X,3,3,3,3,1,1,3,X,3,3,3,3,1,1,1,3,X,3,3,3,3,1,1,1,3,X,3,3,3,3,1,1,1,3,X,3,3,3,3,1,3,3,3,3,1,1,1,1,3,X,3,3,3,3,1,1,3,X,3,3,3,3,1,1,3,X,3,3,3,3,1,1,1,3,X,3,3,3,3,1,1,1,3,X,3,3,3,3,1,1,1,3,X,3,3,3
4481,4,3,3,4,1,3,3,3,4,3,3,3,3,3,3,3,3,3,3,3,3,3,3,3,3,3,3,3,3,3,3,3,3,5,3,3,3,3,3,3,3,3,3,X,3,4,3,3,4,1,3,3,3,4,3,3,3,3,3,3,3,3,3,3,3,3,3,3,3,3,3,3,3,3,3,3,3,3,5,3,3,3,3,3,3,3,3,3,X,3,3,3,3,3,3,3,5,3,3,3
4483,1,1,1,1,1,1,1,4,1,1,1,1,1,1,1,4,X,1,1,1,1,1,1,1,4,X,1,1,1,1,1,1,1,4,X,1,1,1,1,1,1,1,4,X,1,1,1,4,X,1,1,1,1,1,1,1,1,4,1,1,1,1,1,1,1,4,1,1,1,1,1,1,1,4,X,1,1,1,1,1,1,1,4,X,1,1,1,1,1,1,1,4,X,1,1,1,1,1,1,1
4484,5,4,4,4,1,4,4,4,5,4,4,4,1,4,4,4,4,5,4,4,4,1,4,4,4,4,5,4,4,4,1,4,4,4,4,5,4,4,4,1,4,4,4,4,1,4,4,4,4,5,5,4,4,4,1,4,4,4,5,4,4,4,1,4,4,4,5,4,4,4,1,4,4,4,4,5,4,4,4,1,4,4,4,4,5,4,4,4,1,4,4,4,4,5,4,4,4,1,4,4
4485,2,2,X,2,2,2,2,2,2,2,2,4,2,2,5,2,2,2,2,2,2,2,2,4,X,2,2,2,2,4,2,2,X,2,2,2,2,2,2,2,2,2,2,X,X,2,2,2,2,X,2,2,2,2,2,2,2,2,4,2,2,5,2,2,2,2,2,2,2,2,4,X,2,2,2,2,4,2,2,X,2,2,2,2,2,2,2,2,2,2,X,X,2,2,2,4,X,2,2,2
4486,3,3,3,2,3,2,5,2,3,3,3,3,5,3,3,3,3,3,3,1,3,3,3,1,2,3,3,3,3,3,X,3,4,1,3,3,3,3,3,3,3,X,3,3,3,2,3,2,5,2,3,3,3,3,5,3,3,3,3,3,3,1,3,3,3,1,2,3,3,3,3,3,X,3,4,1,3,3,3,3,3,3,3,X,3,3,1,3,3,3,1,2,3,3,3,3,3,X,3,4
4487,4,3,2,3,3,3,3,3,3,3,3,3,3,5,1,3,4,3,4,X,3,3,3,3,3,3,3,4,4,3,2,3,X,3,3,3,2,3,3,3,3,X,3,4,3,2,3,3,3,3,3,3,3,3,3,3,5,1,3,4,3,4,X,3,3,3,3,3,3,3,4,4,3,2,3,X,3,3,3,2,3,3,3,3,X,3,4,3,2,3,X,3,3,3,2,3,3,3,3,X
4488,1,2,2,5,3,2,2,2,2,2,2,2,2,2,2,2,2,2,2,4,2,1,2,5,3,2,5,2,2,2,4,3,2,2,2,2,2,2,2,4,2,1,2,2,5,3,2,2,2,2,2,2,2,2,2,2,2,2,2,2,4,2,1,2,5,3,2,5,2,2,2,4,3,2,2,2,2,2,2,2,4,2,1,2,5,3,2,5,2,2,2,4,3,2,2,2,2,4,2,1
4489,5,5,5,5,4,4,5,5,5,5,5,5,3,4,5,5,1,5,5,3,5,5,4,5,5,1,4,5,4,2,5,4,4,5,5,5,4,5,5,5,5,5,4,5,5,X,5,5,5,5,5,4,4,5,5,5,5,5,5,3,4,5,5,1,5,5,3,5,5,4,5,5,1,4,5,4,2,5,4,4,5,5,5,4,5,5,5,5,5,4,5,5,X,5,4,5,5,1,4,5
4490,3,1,1,3,5,3,3,5,1,X,1,1,4,X,1,1,1,3,1,X,1,3,1,1,1,1,1,1,1,1,1,3,2,5,1,3,4,1,1,1,1,1,1,1,1,X,1,3,1,1,3,5,3,3,5,1,X,1,1,4,X,1,1,1,3,1,X,1,3,1,1,1,1,1,1,1,1,1,3,2,5,1,3,4,1,1,1,1,1,1,1,1,X,1,1,1,1,1,1,1
4491,4,4,4,4,4,3,3,1,4,4,4,3,4,1,4,4,4,5,4,4,4,4,4,4,4,4,4,4,4,4,4,1,4,4,4,1,5,2,5,4,4,5,1,4,4,4,X,2,X,4,4,4,4,4,4,3,3,1,4,4,4,3,4,1,4,4,4,5,4,4,4,4,4,4,4,4,4,4,4,4,4,1,4,4,4,1,5,2,5,4,4,5,1,4,4,4,X,2,X,4
4492,1,2,2,2,3,2,2,2,1,2,2,2,3,2,2,2,X,1,2,2,2,3,2,2,2,X,1,2,2,2,3,2,2,2,X,1,2,2,2,3,2,2,2,X,3,2,2,2,X,1,1,2,2,2,3,2,2,2,1,2,2,2,3,2,2,2,1,2,2,2,3,2,2,2,X,1,2,2,2,3,2,2,2,X,1,2,2,2,3,2,2,2,X,1,2,2,2,3,2,2
4493,2,2,5,5,5,2,X,3,5,4,2,5,5,2,5,5,5,5,X,X,5,5,4,2,X,2,X,2,4,5,2,5,5,4,5,4,5,5,5,5,X,5,5,5,5,X,5,X,5,2,2,5,5,5,2,X,3,5,4,2,5,5,2,5,5,5,5,X,X,5,5,4,2,X,2,X,2,4,5,2,5,5,4,5,4,5,5,5,5,X,5,5,5,5,X,5,X,5,5,2
4494,X,1,2,1,2,X,2,1,2,2,1,2,1,3,X,2,1,1,1,1,1,1,X,1,1,1,2,1,2,4,2,2,3,2,2,1,3,1,1,X,2,2,1,2,X,1,X,2,X,1,2,1,2,X,2,1,2,2,1,2,1,3,X,2,1,1,1,1,1,1,X,1,1,1,2,1,2,4,2,2,3,2,2,1,3,1,1,X,2,2,1,2,X,1,X,2,2,2,1,2
4495,3,X,X,2,X,X,3,5,5,4,X,3,X,5,3,3,5,5,5,4,3,5,5,X,X,3,5,X,5,3,2,3,4,3,3,4,3,5,5,5,5,5,3,X,X,2,4,3,X,X,2,X,X,3,5,5,4,X,3,X,5,3,3,5,5,5,4,3,5,5,X,X,3,5,X,5,3,2,3,4,3,3,4,3,5,5,5,5,5,3,X,X,2,4,5,X,X,3,5,X
4497,5,X,X,X,X,X,2,X,5,X,X,X,X,X,2,X,5,5,X,X,X,X,X,2,X,5,5,X,X,X,X,X,2,X,5,5,X,X,X,X,X,2,X,5,X,X,2,X,5,5,5,X,X,X,X,X,2,X,5,X,X,X,X,X,2,X,5,5,X,X,X,X,X,2,X,5,5,X,X,X,X,X,2,X,5,5,X,X,X,X,X,2,X,5,X,X,2,X,5,5
4501,2,1,1,1,1,1,1,1,1,3,1,1,1,1,1,1,1,1,1,1,1,1,1,1,1,1,1,1,1,1,1,2,3,1,1,1,1,1,1,1,1,X,1,2,1,1,1,1,1,1,1,1,3,1,1,1,1,1,1,1,1,1,1,1,1,1,1,1,1,1,1,1,1,1,2,3,1,1,1,1,1,1,1,1,X,1,1,1,1,2,3,1,1,1,1,1,1,1,1,3
4502,4,4,4,4,2,4,4,4,5,4,4,4,4,4,4,4,4,4,4,4,4,4,4,4,3,3,4,4,4,5,4,4,4,3,3,4,4,4,4,4,4,4,4,X,4,4,4,4,4,2,4,4,4,5,4,4,4,4,4,4,4,4,4,4,4,4,4,4,4,3,3,4,4,4,5,4,4,4,3,3,4,4,4,4,4,4,4,4,X,4,4,4,5,4,4,4,3,3,4,4
4503,1,2,1,1,2,1,1,1,1,1,1,1,1,1,1,1,1,1,1,1,1,1,1,1,1,1,1,4,4,4,1,1,1,1,1,1,3,1,1,1,4,X,1,1,2,1,1,2,1,1,1,1,1,1,1,1,1,1,1,1,1,1,1,1,1,1,1,1,1,1,4,4,4,1,1,1,1,1,1,3,1,1,1,4,X,1,4,4,1,1,1,1,1,1,3,1,1,1,4,1
4504,X,5,4,5,5,5,5,4,5,5,4,5,5,5,5,5,5,5,5,4,5,4,5,5,4,4,4,4,5,4,4,5,4,5,5,5,5,4,5,5,4,X,X,5,4,5,5,5,5,4,5,5,4,5,5,5,5,5,5,5,5,4,5,4,5,5,4,4,4,4,5,4,4,5,4,5,5,5,5,4,5,5,4,X,5,5,4,5,4,5,5,4,4,4,4,5,4,4,5,4
4505,X,3,5,3,3,3,3,5,3,4,5,3,3,X,3,3,3,3,3,3,1,5,5,1,3,3,4,4,3,3,X,3,2,5,3,3,1,3,3,3,2,3,X,3,X,3,5,3,3,3,3,5,3,4,5,3,3,X,3,3,3,3,3,3,1,5,5,1,3,3,4,4,3,3,X,3,2,5,3,3,1,3,3,3,2,3,X,3,3,1,3,3,3,2,3,X,3,X,3,2
4506,5,5,5,5,5,5,X,5,5,5,5,5,5,5,X,5,5,5,5,5,5,5,5,X,5,5,5,5,5,5,5,5,X,5,5,5,5,5,5,5,5,X,5,5,5,5,5,5,5,5,X,5,5,5,5,5,5,5,5,X,5,5,5,5,5,5,5,5,X,5,5,5,5,5,5,5,5,X,5,5,5,5,5,5,5,5,X,5,5,5,5,5,5,5,5,X,5,5,5,5
4507,5,4,4,4,4,5,5,4,4,5,4,4,4,4,4,5,5,4,4,4,X,5,3,2,5,4,2,4,3,5,4,4,4,5,4,4,4,4,4,4,4,5,X,4,5,4,4,4,4,5,5,4,4,5,4,4,4,4,4,5,5,4,4,4,X,5,3,2,5,4,2,4,3,5,4,4,4,5,4,4,4,4,4,4,4,5,X,4,4,4,4,4,4,4,5,X,4,4,4,4
4508,4,5,5,5,5,2,2,5,5,5,5,2,5,5,5,5,5,5,5,5,5,5,5,2,5,5,5,5,5,2,5,5,3,5,5,5,5,5,5,2,5,X,5,4,5,5,5,5,2,2,5,5,5,5,2,5,5,5,5,5,5,5,5,5,5,5,2,5,5,5,5,5,2,5,5,3,5,5,5,5,5,5,2,5,X,5,5,2,5,5,3,5,5,5,5,5,5,2,5,3
4509,X,X,3,4,3,4,3,3,4,4,4,4,4,4,4,4,4,4,4,4,4,4,4,4,3,3,2,4,2,4,4,3,3,3,4,X,4,4,4,4,3,X,X,X,3,4,3,4,3,3,4,4,4,4,4,4,4,4,4,4,4,4,4,4,4,4,3,3,2,4,2,4,4,3,3,3,4,X,4,4,4,4,3,X,4,4,4,4,4,4,4,3,3,2,4,2,4,4,3,3
4510,X,1,4,5,X,1,4,4,1,4,2,1,1,1,4,4,4,1,1,1,1,1,1,1,1,4,4,4,1,1,1,4,3,1,1,1,1,4,4,4,1,X,4,X,1,4,5,X,1,4,4,1,4,2,1,1,1,4,4,4,1,1,1,1,1,1,1,1,4,4,4,1,1,1,4,3,1,1,1,1,4,4,4,1,X,4,1,1,1,4,3,1,1,1,1,4,4,4,1,3
4512,5,5,4,5,X,5,5,5,5,5,4,5,X,5,5,5,5,5,5,4,5,X,5,5,5,5,5,5,4,5,X,5,5,5,5,5,5,4,5,X,5,5,5,5,5,5,4,5,X,5,5,5,5,5,5,4,5,X,5,5,5,5,5,5,4,5,X,5,5,5,5,5,5,4,5,X,5,5,5,5,5,5,4,5,X,5,5,5,5,5,5,4,5,X,5,5,5,5,4,5
4513,1,X,1,1,1,1,1,1,1,X,1,1,1,1,1,1,X,1,X,1,1,1,1,1,1,X,1,X,1,1,1,1,1,1,X,1,X,1,1,1,1,1,1,X,1,X,1,1,1,1,1,1,X,1,X,1,1,1,1,1,1,X,1,X,1,1,1,1,1,1,X,1,X,1,1,1,1,1,1,X,1,X,1,1,1,1,1,1,X,1,X,1,1,1,1,1,1,X,1,1
4514,X,3,5,4,3,3,2,5,3,4,5,3,3,3,X,3,2,3,3,5,3,3,3,3,3,3,3,4,3,3,3,3,5,3,3,3,3,5,3,3,5,X,3,X,3,5,4,3,3,2,5,3,4,5,3,3,3,X,3,2,3,3,5,3,3,3,3,3,3,3,4,3,3,3,3,5,3,3,3,3,5,3,3,5,X,3,3,3,3,3,5,3,3,3,3,5,3,3,5,5
4515,1,5,5,2,2,X,5,5,1,5,5,2,2,X,5,5,X,1,5,5,2,2,X,5,5,X,1,5,5,2,2,X,5,5,X,1,5,5,2,2,X,5,5,X,1,5,5,2,2,X,5,5,X,1,5,5,2,2,X,5,5,X,1,5,5,2,2,X,5,5,X,1,5,5,2,2,X,5,5,X,1,5,5,2,2,X,5,5,X,1,5,5,2,2,X,5,5,X,5,2
4516,1,2,2,2,4,2,2,2,1,2,2,2,4,2,2,2,2,1,2,2,2,4,2,2,2,2,1,2,2,2,4,2,2,2,2,1,2,2,2,4,2,2,2,2,1,2,2,2,4,2,2,2,2,1,2,2,2,4,2,2,2,2,1,2,2,2,4,2,2,2,2,1,2,2,2,4,2,2,2,2,1,2,2,2,4,2,2,2,2,1,2,2,2,4,2,2,2,2,2,2
4517,X,X,2,1,2,2,2,2,3,5,1,2,3,4,4,4,3,4,4,3,2,3,4,4,2,X,4,4,2,4,1,3,5,5,4,4,3,4,X,3,2,1,X,X,X,X,2,1,2,2,2,2,3,5,1,2,3,4,4,4,3,4,4,3,2,3,4,4,2,X,4,4,2,4,1,3,5,5,4,4,3,4,X,3,2,1,X,X,4,3,4,X,3,2,1,X,X,1,3,5
4518,3,4,3,4,X,3,X,3,3,4,3,4,X,3,X,3,X,3,4,3,4,X,3,X,3,X,3,4,3,4,X,3,X,3,X,3,4,3,4,X,3,X,3,X,3,4,3,4,X,3,X,3,X,3,4,3,4,X,3,X,3,X,3,4,3,4,X,3,X,3,X,3,4,3,4,X,3,X,3,X,3,4,3,4,X,3,X,3,X,3,4,3,4,X,3,X,3,X,3,4
4521,3,3,3,3,1,3,3,3,3,3,3,3,1,3,3,3,3,3,3,3,3,1,3,3,3,3,3,3,3,3,1,3,3,3,3,3,3,3,3,1,3,3,3,3,3,3,3,3,1,3,3,3,3,3,3,3,3,1,3,3,3,3,3,3,3,3,1,3,3,3,3,3,3,3,3,1,3,3,3,3,3,3,3,3,1,3,3,3,3,3,3,3,3,1,3,3,3,3,3,3
4522,4,4,4,4,4,4,4,4,4,4,4,4,4,4,4,4,X,4,4,4,4,4,4,4,4,X,4,4,4,4,4,4,4,4,X,4,4,4,4,4,4,4,4,X,4,4,4,4,4,4,4,4,X,4,4,4,4,4,4,4,4,X,4,4,4,4,4,4,4,4,X,4,4,4,4,4,4,4,4,X,4,4,4,4,4,4,4,4,X,4,4,4,4,4,4,4,4,X,4,4
4523,1,4,4,1,4,4,4,4,4,5,4,4,4,4,4,4,4,1,4,4,4,4,4,4,4,4,4,4,4,4,4,4,4,5,4,4,4,4,4,4,1,4,X,4,1,4,4,1,4,4,4,4,4,5,4,4,4,4,4,4,4,1,4,4,4,4,4,4,4,4,4,4,4,4,4,4,4,5,4,4,4,4,4,4,1,4,X,4,4,4,4,4,4,1,4,X,4,4,4,4
4524,X,5,4,2,4,5,3,5,2,3,5,3,4,5,5,3,5,5,5,5,4,4,5,2,4,3,4,5,3,1,4,3,5,2,3,5,5,5,5,3,5,4,3,X,5,X,5,4,2,4,5,3,5,2,3,5,3,4,5,5,3,5,5,5,5,4,4,5,2,4,3,4,5,3,1,4,3,5,2,3,5,5,5,5,3,5,4,3,X,5,5,3,1,4,3,5,2,3,5,3
4525,1,1,1,1,1,1,1,1,1,1,1,1,1,1,1,1,1,1,1,1,1,1,1,1,1,1,1,1,1,1,1,1,1,1,1,1,1,1,1,1,1,1,1,1,1,1,1,1,1,1,1,1,1,1,1,1,1,1,1,1,1,1,1,1,1,1,1,1,1,1,1,1,1,1,1,1,1,1,1,1,1,1,1,1,1,1,1,1,1,1,1,1,1,1,1,1,1,1,1,1
4526,X,5,4,X,3,1,2,4,3,4,4,3,X,4,3,X,4,4,4,X,X,3,4,5,4,2,4,2,3,4,3,3,4,4,3,4,4,4,4,4,4,4,3,X,4,X,5,4,X,3,1,2,4,3,4,4,3,X,4,3,X,4,4,4,X,X,3,4,5,4,2,4,2,3,4,3,3,4,4,3,4,4,4,4,4,4,4,3,X,4,2,3,4,3,3,4,4,3,4,4
4527,X,2,2,2,4,2,2,2,2,3,2,2,2,3,2,2,2,2,2,2,2,2,2,2,2,2,2,4,1,2,X,3,3,5,2,2,2,2,2,1,2,2,X,2,X,2,2,2,4,2,2,2,2,3,2,2,2,3,2,2,2,2,2,2,2,2,2,2,2,2,2,4,1,2,X,3,3,5,2,2,2,2,2,1,2,2,X,2,2,2,2,2,1,2,2,X,2,X,3,3
4528,3,2,2,2,2,X,2,2,3,2,2,2,2,X,2,2,X,3,2,2,2,2,X,2,2,X,3,2,2,2,2,X,2,2,X,3,2,2,2,2,X,2,2,X,3,2,2,2,2,X,2,2,X,3,2,2,2,2,X,2,2,X,3,2,2,2,2,X,2,2,X,3,2,2,2,2,X,2,2,X,3,2,2,2,2,X,2,2,X,3,2,2,2,2,X,2,2,X,2,2
4529,X,2,5,5,5,5,5,5,1,4,2,2,5,5,5,5,5,5,5,5,4,5,5,5,3,4,1,4,1,5,X,2,1,4,5,5,5,1,1,5,5,5,X,1,X,2,5,5,5,5,5,5,1,4,2,2,5,5,5,5,5,5,5,5,4,5,5,5,3,4,1,4,1,5,X,2,1,4,5,5,5,1,1,5,5,5,X,1,5,5,1,1,5,5,5,X,1,X,2,1
4530,1,1,1,1,1,5,1,1,1,1,1,1,1,5,1,1,1,1,1,1,1,1,5,1,1,1,1,1,1,1,1,5,1,1,1,1,1,1,1,1,5,1,1,1,1,1,1,1,1,5,1,1,1,1,1,1,1,1,5,1,1,1,1,1,1,1,1,5,1,1,1,1,1,1,1,1,5,1,1,1,1,1,1,1,1,5,1,1,1,1,1,1,1,1,5,1,1,1,1,1
4531,2,1,4,4,4,2,4,4,2,1,4,4,4,2,4,4,4,2,1,4,4,4,2,4,4,4,2,1,4,4,4,2,4,4,4,2,1,4,4,4,2,4,4,4,2,1,4,4,4,2,4,4,4,2,1,4,4,4,2,4,4,4,2,1,4,4,4,2,4,4,4,2,1,4,4,4,2,4,4,4,2,1,4,4,4,2,4,4,4,2,1,4,4,4,2,4,4,4,4,4
4532,3,3,3,X,3,3,3,3,3,3,3,X,3,3,3,3,1,3,3,3,X,3,3,3,3,1,3,3,3,X,3,3,3,3,1,3,3,3,X,3,3,3,3,1,3,3,3,X,3,3,3,3,1,3,3,3,X,3,3,3,3,1,3,3,3,X,3,3,3,3,1,3,3,3,X,3,3,3,3,1,3,3,3,X,3,3,3,3,1,3,3,3,X,3,3,3,3,1,3,X
4534,4,5,5,5,X,5,5,5,4,5,5,5,X,5,5,5,4,4,5,5,5,X,5,5,5,4,4,5,5,5,X,5,5,5,4,4,5,5,5,X,5,5,5,4,4,5,5,5,X,5,5,5,4,4,5,5,5,X,5,5,5,4,4,5,5,5,X,5,5,5,4,4,5,5,5,X,5,5,5,4,4,5,5,5,X,5,5,5,4,4,5,5,5,X,5,5,5,4,5,5
4535,3,2,X,X,X,X,2,X,3,2,X,X,X,X,2,X,2,3,2,X,X,X,X,2,X,2,3,2,X,X,X,X,2,X,2,3,2,X,X,X,X,2,X,2,3,2,X,X,X,X,2,X,2,3,2,X,X,X,X,2,X,2,3,2,X,X,X,X,2,X,2,3,2,X,X,X,X,2,X,2,3,2,X,X,X,X,2,X,2,3,2,X,X,X,X,2,X,2,X,X
4537,3,X,X,4,3,2,5,3,3,X,X,4,3,2,5,3,2,3,X,X,4,3,2,5,3,2,3,X,X,4,3,2,5,3,2,3,X,X,4,3,2,5,3,2,3,X,X,4,3,2,5,3,2,3,X,X,4,3,2,5,3,2,3,X,X,4,3,2,5,3,2,3,X,X,4,3,2,5,3,2,3,X,X,4,3,2,5,3,2,3,X,X,4,3,2,5,3,2,X,4
4539,4,4,4,4,4,4,4,4,4,4,4,4,4,4,4,4,4,4,4,4,4,4,4,4,4,4,4,4,4,4,4,4,4,4,4,4,4,4,4,4,4,4,4,4,4,4,4,4,4,4,4,4,4,4,4,4,4,4,4,4,4,4,4,4,4,4,4,4,4,4,4,4,4,4,4,4,4,4,4,4,4,4,4,4,4,4,4,4,4,4,4,4,4,4,4,4,4,4,4,4
4540,1,2,2,2,2,2,2,2,1,2,2,2,2,2,2,2,2,1,2,2,2,2,2,2,2,2,1,2,2,2,2,2,2,2,2,1,2,2,2,2,2,2,2,2,1,2,2,2,2,2,2,2,2,1,2,2,2,2,2,2,2,2,1,2,2,2,2,2,2,2,2,1,2,2,2,2,2,2,2,2,1,2,2,2,2,2,2,2,2,1,2,2,2,2,2,2,2,2,2,2
4711,5,3,4,5,5,4,5,5,5,5,3,3,5,5,2,4,5,2,5,5,4,5,3,5,3,5,5,2,3,2,2,3,5,5,3,5,5,5,2,4,3,5,4,1,5,5,5,5,4,5,5,3,3,5,4,5,5,4,5,3,4,5,5,4,5,5,5,5,3,3,5,5,2,4,5,2,5,5,4,5,3,5,3,5,5,2,3,2,2,3,5,5,3,5,5,5,2,4,3,5
4712,4,1,1,3,1,2,1,5,1,1,1,1,1,4,1,4,5,1,1,5,5,1,2,4,1,4,1,1,1,4,1,1,1,1,1,1,1,1,3,1,4,4,1,1,1,1,1,4,1,5,3,1,1,1,3,1,3,1,3,1,1,1,2,1,4,1,1,1,1,1,1,4,1,1,1,1,1,1,1,1,1,5,1,4,2,1,1,3,4,1,4,2,1,1,3,4,1,1,4,1
4713,1,1,1,1,1,1,1,1,1,1,1,1,1,5,1,1,5,1,1,1,1,1,1,1,1,1,1,1,1,5,1,5,1,1,3,1,1,1,1,1,1,1,1,1,1,1,1,1,1,2,1,1,1,1,1,1,5,1,1,1,1,1,1,3,1,1,1,1,1,1,1,1,1,1,1,1,1,1,1,1,1,1,1,1,1,1,1,2,1,1,1,1,1,1,2,1,1,1,1,1
4714,3,4,2,4,4,4,4,2,2,2,1,4,2,4,2,2,1,2,4,2,2,4,4,4,4,2,2,2,4,4,2,4,2,4,2,3,2,4,2,1,2,4,4,2,2,4,2,4,2,1,4,1,1,3,4,2,4,4,4,4,2,2,2,1,4,2,4,2,2,1,2,4,2,2,4,4,4,4,2,2,2,4,4,2,4,2,4,2,3,2,4,2,1,2,4,4,2,2,4,2
4715,4,2,4,2,4,4,4,4,4,4,4,3,4,4,4,4,4,4,4,4,4,4,4,4,4,4,4,4,4,4,4,4,4,4,4,4,4,4,1,4,4,4,4,4,4,4,4,4,4,4,4,4,2,4,4,2,4,4,4,4,2,4,2,4,4,4,4,4,4,4,3,4,4,4,4,4,4,4,4,4,4,4,4,4,4,4,4,4,4,4,4,4,4,4,4,4,4,1,4,4
4716,1,5,1,1,1,1,1,1,1,1,1,5,1,5,1,1,1,5,1,1,1,1,4,1,1,5,1,5,1,1,1,5,1,1,1,1,5,5,1,1,1,5,1,1,5,5,1,1,1,1,2,1,1,1,5,1,5,1,1,1,1,5,1,3,1,4,1,5,1,1,5,1,1,1,1,1,1,1,4,1,5,1,1,1,1,3,1,5,5,3,1,1,3,1,5,5,3,5,1,1
4717,1,3,1,1,4,4,1,5,1,1,5,1,4,1,1,3,4,1,4,1,1,1,1,1,1,5,1,1,1,1,1,1,1,1,1,1,1,1,1,1,1,1,5,1,3,1,5,1,5,1,1,1,1,1,1,1,1,5,1,1,3,4,3,5,4,1,1,1,3,1,1,1,1,1,3,1,1,1,4,1,1,1,1,1,1,1,3,2,3,2,2,1,1,1,1,1,3,2,3,2
4718,4,4,3,4,5,3,1,5,1,3,3,5,1,2,3,2,3,3,3,4,3,5,4,3,1,3,3,3,1,1,3,3,3,1,3,1,1,3,5,3,3,3,1,3,1,3,3,1,2,1,2,2,3,4,3,2,3,1,3,3,2,1,2,2,2,3,3,5,3,3,5,5,3,5,1,3,3,3,2,3,1,3,3,3,4,2,3,3,3,3,3,4,2,3,3,3,3,5,5,3
4719,5,4,5,1,1,3,2,5,1,5,1,1,3,1,1,5,1,3,1,5,3,1,1,1,5,1,1,3,3,5,3,3,1,1,3,5,4,5,5,1,2,3,4,5,4,4,1,3,1,1,3,3,1,3,1,3,3,2,3,1,5,5,5,3,1,1,1,3,1,3,5,1,1,1,1,1,3,1,1,3,3,3,3,3,3,3,3,5,3,3,4,3,3,3,3,3,3,5,3,3
4720,3,5,3,5,5,3,2,4,3,3,3,4,3,3,3,4,4,3,3,3,3,3,5,5,1,3,4,3,3,5,3,4,5,4,5,2,2,5,5,3,4,5,3,5,4,5,3,3,1,4,1,3,3,4,3,3,3,4,2,5,4,3,3,4,5,3,3,3,3,5,1,3,1,5,3,1,5,5,3,1,5,3,1,3,3,3,3,3,2,3,3,3,3,3,3,2,3,1,3,1
4721,5,5,5,5,5,5,5,5,5,5,5,5,5,1,5,5,1,5,5,5,4,5,5,5,1,5,5,5,5,5,1,5,5,1,5,5,5,5,1,5,5,5,5,5,5,5,5,5,5,5,5,5,5,5,5,5,5,1,5,5,1,5,5,5,4,5,5,5,1,5,5,5,5,5,1,5,5,1,5,5,5,5,1,5,5,5,5,5,5,5,5,1,5,5,5,5,5,1,5,5
4722,3,5,3,5,4,5,5,5,5,3,4,5,5,5,3,5,5,3,3,5,3,3,5,5,5,5,5,5,3,3,5,3,5,5,3,3,3,3,3,5,3,5,4,5,3,5,4,5,5,3,5,5,5,5,3,5,3,5,3,5,3,5,4,5,5,5,5,3,4,5,5,5,3,5,5,3,3,5,3,3,5,5,5,5,5,5,3,3,5,3,5,5,3,3,3,3,3,5,3,5
4723,3,3,5,5,5,3,5,5,5,5,3,5,5,5,3,5,5,5,3,5,4,5,5,1,5,5,5,5,3,5,1,5,5,3,5,5,5,5,1,5,4,5,5,5,5,5,3,5,5,5,5,5,5,3,5,5,5,3,5,3,3,5,5,5,3,5,5,5,5,3,5,5,5,3,5,5,5,3,5,4,5,5,1,5,5,5,5,3,5,1,5,5,3,5,5,5,5,1,5,4
4724,3,2,2,2,2,2,2,2,2,2,4,3,2,2,5,3,2,2,3,3,2,4,2,2,2,5,2,2,2,2,2,2,2,2,2,2,2,2,2,3,2,2,2,2,4,2,2,2,2,2,2,2,2,3,2,2,2,2,2,2,2,2,4,2,2,2,2,2,2,2,2,5,2,2,2,2,2,2,2,2,2,2,2,2,2,2,2,2,2,2,2,2,2,2,2,2,2,2,2,2
4725,3,3,3,3,3,1,3,1,4,3,3,3,3,3,1,3,3,5,3,3,3,1,3,3,1,3,5,1,3,3,3,3,3,3,3,3,3,3,3,3,3,3,3,5,3,4,3,3,3,3,1,3,3,1,4,3,3,3,3,3,3,3,3,1,3,1,4,3,3,3,3,3,1,3,3,5,3,3,3,1,3,3,1,3,5,1,3,3,3,3,3,3,3,3,3,3,3,3,3,3
4726,2,2,2,1,4,1,1,2,1,2,2,1,5,2,1,5,3,1,2,3,1,3,2,1,1,3,1,1,3,4,2,3,1,1,2,3,2,4,2,3,1,4,3,3,1,4,2,2,1,2,4,1,2,3,1,1,1,3,3,1,3,2,2,1,4,2,2,2,1,1,2,3,5,1,3,4,3,1,3,3,3,5,3,1,1,2,3,5,3,4,1,1,2,3,5,3,4,2,3,5
4727,5,5,5,5,2,5,5,5,5,5,5,2,5,5,5,5,1,5,5,4,5,5,3,5,5,5,5,5,5,5,1,5,5,5,5,5,5,5,5,5,5,5,5,5,5,5,5,5,5,5,5,5,5,5,5,5,2,5,5,5,5,5,2,1,5,3,5,5,5,5,5,5,5,5,5,5,5,5,3,5,5,5,5,5,5,3,5,5,3,3,5,5,3,5,5,3,3,5,5,5
4728,5,4,2,1,4,2,5,2,4,2,2,3,1,2,2,2,4,1,4,2,4,2,4,2,4,2,4,2,4,4,2,4,2,4,2,2,2,4,2,2,2,2,1,2,2,2,1,4,2,1,4,1,4,5,4,2,1,4,2,5,2,4,2,2,3,1,2,2,2,4,1,4,2,4,2,4,2,4,2,4,2,4,4,2,4,2,4,2,2,2,4,2,2,2,2,1,2,2,2,1
4729,4,5,4,4,4,4,4,4,4,4,4,3,4,3,4,2,4,3,4,4,4,5,2,2,4,4,4,2,3,3,2,2,4,4,4,3,4,4,4,3,4,4,4,4,4,4,1,5,2,4,4,4,4,4,4,4,4,5,4,4,5,4,4,4,4,4,4,4,4,4,3,4,3,4,2,4,3,4,4,4,5,2,2,4,4,4,2,3,3,2,2,4,4,4,3,4,4,4,3,4
4730,3,4,4,3,2,4,4,4,2,4,4,5,3,4,4,4,4,1,4,4,5,4,4,2,3,4,4,4,4,2,4,4,4,2,4,5,3,4,4,3,4,5,4,4,2,1,4,4,5,2,4,4,3,3,4,4,3,2,4,4,4,2,4,4,5,3,4,4,4,4,1,4,4,5,4,4,2,3,4,4,4,4,2,4,4,4,2,4,5,3,4,4,3,4,5,4,4,2,1,4
4731,4,4,4,4,4,4,4,4,4,4,4,4,4,4,4,4,4,4,1,4,4,1,4,4,1,4,4,4,4,4,4,4,4,4,1,2,4,4,4,4,4,4,4,4,4,4,4,4,4,4,4,4,4,1,4,4,1,4,4,4,4,4,1,3,4,4,4,4,2,4,4,4,4,4,4,4,4,4,4,4,4,4,4,4,4,4,4,4,4,4,4,4,4,4,4,4,4,4,4,4
4732,2,1,2,4,1,5,2,2,2,5,1,2,3,1,1,2,2,2,2,2,3,2,2,2,4,1,2,1,2,1,2,4,4,2,1,2,5,2,2,1,2,2,2,2,1,3,4,2,2,2,2,2,2,2,2,2,2,4,4,2,1,5,1,1,2,2,4,5,2,X,2,1,2,2,1,2,2,2,5,1,2,2,2,2,2,2,2,1,1,2,2,1,2,2,2,2,2,2,2,1
4733,1,1,1,1,1,1,1,1,1,5,4,1,1,5,3,1,1,1,1,1,5,5,1,1,5,2,1,1,1,1,5,5,1,2,1,1,1,5,1,5,1,1,1,1,1,5,1,5,1,4,1,1,1,5,1,1,1,1,5,5,5,1,1,1,1,1,1,5,5,X,1,1,1,5,1,2,1,1,1,X,1,1,1,1,1,1,X,1,5,1,1,5,1,3,1,1,1,1,1,1
4734,3,3,3,3,3,3,3,3,3,4,3,3,3,1,3,3,3,3,3,3,4,3,3,2,4,3,3,3,5,3,3,4,3,3,4,5,3,3,3,3,5,3,3,3,3,3,3,3,3,3,2,3,3,3,3,3,2,2,2,3,4,2,2,2,3,3,4,3,5,3,3,3,5,3,3,3,5,3,5,3,3,3,3,3,3,3,3,3,3,5,3,3,5,3,3,5,3,3,5,3
4735,5,4,5,5,5,2,5,4,4,5,3,5,4,2,5,3,4,4,4,5,4,5,4,1,5,5,5,5,4,4,1,5,5,5,3,5,4,5,2,4,4,4,2,4,5,4,5,5,5,2,5,4,4,5,3,5,4,2,5,3,4,4,4,5,4,5,4,1,5,5,5,5,4,4,1,5,5,5,3,5,4,5,2,4,4,4,2,4,5,4,5,2,4,4,4,2,4,1,5,5
4736,2,3,4,3,4,4,4,4,4,4,4,4,2,4,4,4,3,4,4,4,3,4,4,4,4,4,4,4,4,4,4,4,4,3,4,4,4,4,4,4,4,4,4,4,4,4,3,4,5,4,4,3,4,2,3,4,3,4,4,4,4,4,4,4,4,2,4,4,4,3,4,4,4,3,4,4,4,4,4,4,4,4,4,4,4,4,3,4,4,4,4,4,4,4,4,4,4,4,4,3
4737,3,3,3,3,3,3,3,3,3,3,3,3,2,3,3,1,3,3,3,1,3,3,3,3,3,2,3,3,3,2,3,3,3,3,3,3,1,2,2,3,3,3,3,3,3,1,3,3,3,2,3,3,3,3,2,3,3,3,3,3,3,3,3,3,3,2,3,3,1,3,3,3,3,3,3,3,3,3,3,3,2,3,3,3,3,2,3,5,2,4,3,3,2,3,5,2,4,3,3,3
4738,3,2,5,5,2,5,5,3,2,4,4,3,4,5,5,2,4,4,4,4,5,4,2,5,4,4,4,3,2,4,4,4,4,5,4,4,4,4,5,4,4,2,4,2,5,4,4,4,2,4,1,4,3,4,5,4,4,5,4,3,2,5,5,2,5,5,3,2,4,4,3,4,5,5,2,4,4,4,4,5,4,2,5,4,4,4,3,2,4,4,4,4,5,4,4,4,4,5,4,4
4739,2,2,2,2,3,2,2,2,2,2,2,3,2,4,2,1,2,2,2,2,2,2,2,2,2,2,2,4,2,2,2,2,5,2,2,2,2,4,2,2,2,2,4,4,2,2,2,2,2,2,2,2,2,2,2,2,2,2,5,4,2,2,2,5,2,4,2,2,4,2,2,2,2,2,2,2,2,4,3,2,2,2,4,2,2,4,4,5,2,4,2,2,4,4,5,2,4,2,2,2
4740,3,3,4,5,3,4,5,5,5,5,5,3,4,5,3,4,5,5,4,4,5,4,3,4,2,3,3,5,5,4,5,5,5,4,5,5,5,5,4,5,5,4,4,1,5,5,5,5,4,2,5,4,5,4,5,3,5,4,5,3,4,3,2,5,4,5,3,5,2,4,4,4,5,5,3,5,5,5,5,4,5,4,5,5,5,5,3,5,3,2,4,4,5,5,5,5,3,5,3,2
4741,5,2,4,5,5,4,5,5,5,5,4,5,4,5,3,5,5,5,5,2,5,5,5,4,5,5,4,5,5,3,5,3,5,5,3,4,5,5,5,5,5,5,3,5,5,5,4,5,5,5,5,4,5,5,5,5,3,5,4,5,5,5,4,4,3,3,5,4,4,5,3,5,5,5,2,5,5,2,4,5,4,2,5,5,5,4,3,5,2,4,5,5,4,3,5,2,4,3,5,5
4742,1,4,1,1,1,1,1,1,1,4,4,1,1,4,1,1,1,5,1,1,1,4,1,1,1,1,1,1,4,4,1,1,1,1,4,2,1,1,1,1,1,2,1,1,4,1,1,1,1,1,2,4,1,2,1,1,3,1,1,4,1,1,1,1,1,1,1,4,4,1,1,4,1,1,1,5,1,1,1,4,1,1,1,1,1,1,4,4,1,1,1,1,4,2,1,1,1,1,1,2
4743,1,1,1,4,1,3,1,4,1,1,1,1,1,3,1,1,1,1,1,1,1,4,1,2,4,1,4,1,1,1,1,1,1,4,1,1,1,1,1,1,4,1,1,1,1,1,2,1,1,1,5,1,1,1,3,1,1,3,2,1,1,1,4,1,3,1,4,1,1,1,1,1,3,1,1,1,1,1,1,1,4,1,2,4,1,4,1,1,1,1,1,1,4,1,1,1,1,1,1,4
4744,3,5,5,2,3,5,2,5,5,5,5,5,5,5,5,5,5,2,5,5,5,5,2,5,5,5,5,5,2,4,5,5,5,5,3,5,3,5,5,5,5,5,5,5,5,5,5,5,5,4,5,4,5,3,5,5,2,3,5,2,5,5,5,5,5,5,5,5,5,5,2,5,5,5,5,2,5,5,5,5,5,2,4,5,5,5,5,3,5,3,5,5,5,5,5,5,5,5,5,5
4745,1,4,1,1,1,1,1,1,1,2,1,4,4,3,5,1,1,1,4,4,1,1,1,3,1,3,1,1,4,1,4,1,1,1,1,1,1,1,1,1,5,1,1,1,1,1,1,3,1,1,1,1,1,1,1,1,1,1,2,1,1,3,5,1,1,4,1,1,1,1,1,1,1,1,3,1,1,2,1,1,1,1,1,1,1,5,3,1,2,1,1,1,5,3,1,2,1,1,1,1
4746,5,2,5,2,2,5,5,5,5,2,1,5,5,5,5,5,5,5,5,5,2,5,1,1,5,5,5,5,1,5,5,5,1,1,5,5,1,5,5,5,5,5,2,5,5,2,5,2,2,5,5,5,5,2,1,5,5,5,5,5,5,5,5,5,2,5,1,1,5,5,5,5,1,5,5,5,1,1,5,5,1,5,5,5,5,5,2,5,5,1,5,5,5,5,5,2,5,5,5,1
4747,4,2,4,4,2,4,4,4,4,4,4,4,4,4,4,1,5,1,4,4,4,5,4,1,4,4,1,4,4,4,4,4,1,4,5,4,4,4,4,4,4,4,1,1,4,2,4,4,2,4,4,4,4,4,4,4,4,4,4,1,5,1,4,4,4,5,4,1,4,4,1,4,4,4,4,4,1,4,5,4,4,4,4,4,4,4,1,1,4,4,4,4,4,4,4,1,1,4,4,1
4748,1,3,1,5,1,1,1,1,1,1,1,1,1,4,1,1,1,1,1,1,1,1,1,3,1,1,1,1,1,3,1,1,4,1,1,1,1,5,1,1,1,1,5,1,1,1,1,5,1,3,5,1,1,1,1,1,1,1,1,1,1,1,1,1,1,1,1,1,1,5,1,1,1,1,1,5,1,1,1,1,1,3,1,1,1,2,1,2,5,3,1,1,2,1,2,5,3,1,1,1
4749,2,2,2,2,2,2,2,2,2,1,5,2,2,2,2,2,2,2,2,2,2,5,2,2,2,4,2,2,2,2,2,2,2,2,2,2,2,2,2,2,2,2,2,2,2,2,2,2,2,2,2,2,2,1,5,2,2,2,2,2,2,2,2,2,2,5,2,2,2,4,2,2,2,2,2,2,2,2,2,2,2,2,2,2,2,2,2,2,2,2,2,2,2,2,2,2,2,2,2,2
4750,3,3,4,4,3,3,5,3,3,3,3,3,3,3,3,3,2,1,3,3,3,3,3,3,3,3,3,5,3,3,3,3,3,3,3,3,3,3,3,1,3,5,3,3,3,1,3,3,3,5,3,3,4,3,3,3,5,1,5,3,3,4,3,4,5,3,3,3,3,5,3,3,3,3,3,3,3,3,3,3,3,2,5,3,3,4,3,5,4,4,3,3,4,3,5,4,4,3,3,3
4751,4,3,3,3,3,3,3,3,3,3,3,5,3,3,3,3,3,3,1,3,3,5,3,3,3,3,3,3,3,4,1,3,3,3,3,3,4,3,1,3,4,3,3,3,3,3,3,3,3,3,3,3,5,5,3,3,3,3,4,3,4,3,3,3,3,3,3,3,1,3,3,3,3,3,3,3,3,3,1,3,3,3,3,3,3,3,3,1,3,3,2,3,3,3,3,3,3,1,3,3
4752,1,4,1,1,1,1,1,1,1,1,1,1,1,5,1,1,1,4,1,3,1,1,1,1,1,1,1,1,3,5,1,1,5,1,1,1,1,1,1,1,1,1,1,1,1,1,1,1,3,4,1,1,1,1,4,5,3,5,4,3,5,3,5,2,1,1,1,1,1,1,1,1,1,1,4,5,1,3,1,1,1,1,1,1,1,1,3,1,4,2,1,1,1,1,1,1,3,1,4,2
4753,5,2,1,5,2,2,2,5,2,2,2,2,2,1,2,2,2,2,2,2,1,2,2,2,2,2,3,2,5,2,3,2,2,2,2,4,2,2,2,2,2,3,2,2,2,2,2,2,5,5,2,3,2,2,2,2,3,2,5,2,5,5,2,2,2,2,2,2,2,2,2,2,2,2,2,2,2,2,2,2,2,3,2,5,4,5,2,2,2,2,2,2,3,2,5,4,5,2,2,2
4754,1,1,1,1,1,3,1,3,3,1,3,1,3,2,3,1,3,3,3,3,3,1,3,3,3,3,1,3,1,1,2,1,3,1,3,1,3,3,4,1,3,3,3,3,3,3,1,3,1,3,3,5,1,3,3,3,1,3,1,1,1,1,1,3,1,3,3,1,3,1,3,2,3,1,3,3,3,3,3,1,3,3,3,3,1,3,1,1,2,1,3,1,3,1,3,3,4,1,3,3
4755,2,3,3,5,2,2,4,3,2,2,3,2,2,2,3,2,2,2,2,2,2,2,3,2,2,2,3,2,2,4,2,5,2,2,2,2,5,2,3,2,3,2,2,1,3,3,2,5,2,3,1,1,1,2,5,2,2,2,2,3,2,4,2,3,3,1,5,4,2,2,5,2,3,2,3,5,2,3,2,2,2,2,2,2,4,2,2,2,3,3,2,4,2,2,2,3,3,5,2,3
4756,5,4,4,4,4,4,2,4,4,4,2,3,4,4,4,1,4,1,4,4,4,5,3,4,4,1,4,4,4,2,4,4,1,4,2,4,4,4,4,4,3,4,4,4,1,4,3,4,4,4,4,4,4,4,4,1,4,4,4,5,4,4,4,4,4,2,4,4,4,2,3,4,4,4,1,4,1,4,4,4,5,3,4,4,1,4,4,4,2,4,4,1,4,2,4,4,4,4,4,3
4757,5,3,3,5,2,3,3,3,5,3,3,3,3,3,3,2,1,5,3,4,3,3,5,5,3,3,4,3,2,4,3,3,3,4,3,3,5,3,3,4,5,3,3,3,3,4,3,5,3,4,3,4,3,5,3,3,5,2,3,3,3,5,3,3,3,3,3,3,2,1,5,3,4,3,3,5,5,3,3,4,3,2,4,3,3,3,4,3,3,5,3,3,4,5,3,3,3,3,4,3
4758,3,1,3,5,3,5,3,2,3,5,3,3,1,3,3,4,3,3,3,3,3,1,5,3,2,4,3,3,4,3,3,3,3,3,3,3,3,5,3,3,3,5,3,4,3,3,5,3,4,3,3,3,3,5,3,3,3,3,3,3,3,5,4,3,3,3,3,4,1,3,2,3,3,5,3,3,3,3,3,3,3,3,3,3,3,2,3,2,3,2,2,3,3,3,3,2,3,2,3,2
4759,4,4,2,2,3,2,2,2,2,2,2,4,4,2,4,4,2,4,2,2,5,5,2,3,2,2,2,4,3,3,2,2,2,5,2,2,2,2,4,2,3,4,5,2,4,1,2,5,2,2,4,4,2,4,2,2,2,3,4,4,2,2,3,2,2,2,2,2,2,4,4,2,4,4,2,4,2,2,5,5,2,3,2,2,2,4,3,3,2,2,2,5,2,2,2,2,4,2,3,4
4760,5,3,5,3,3,5,5,5,5,3,4,5,5,5,4,5,5,4,5,5,1,5,5,5,5,5,3,5,3,5,4,3,5,4,2,5,5,3,4,5,3,3,3,5,1,5,4,5,5,5,2,5,3,4,5,3,5,3,5,5,3,5,3,3,5,5,5,5,3,4,5,5,5,4,5,5,4,5,5,1,5,5,5,5,5,3,5,3,5,4,3,5,4,2,5,5,3,4,5,3
4761,4,1,1,5,4,1,1,1,1,1,5,1,1,1,1,2,1,1,1,1,1,2,1,1,1,1,1,1,1,1,2,1,1,1,2,1,1,1,1,1,1,1,1,1,1,1,1,1,1,1,1,1,1,1,1,1,2,1,1,4,2,3,5,1,3,1,1,4,1,1,1,1,1,4,1,1,4,1,2,1,1,1,1,1,4,1,2,1,3,2,4,1,1,1,4,1,2,1,3,2
4762,2,2,2,2,2,3,3,2,2,5,3,5,2,2,2,2,5,2,1,3,2,2,5,2,3,2,2,2,2,3,2,2,2,2,2,5,5,2,2,2,2,2,2,2,2,5,2,2,2,2,2,3,2,5,2,3,2,2,2,2,2,3,3,3,3,4,2,2,2,3,2,2,2,2,2,2,2,2,2,2,5,4,2,3,2,2,5,2,2,2,3,2,2,5,2,2,2,2,2,2
4763,4,4,4,4,4,4,4,4,4,4,4,4,4,4,4,4,4,3,4,4,4,4,4,4,4,4,4,4,4,4,4,4,4,4,4,4,5,4,2,4,4,4,4,4,4,4,4,4,4,4,4,4,4,3,1,4,4,4,4,4,4,4,4,4,4,4,4,4,4,4,4,4,4,4,4,3,4,4,4,4,4,4,4,4,4,4,4,4,4,4,4,4,4,4,5,4,2,4,4,4
4764,1,1,1,1,1,4,1,1,1,1,1,3,1,1,4,1,1,3,1,1,1,5,1,5,1,1,2,4,1,1,1,1,1,1,1,1,1,1,3,1,5,1,1,1,1,1,5,1,1,1,1,1,1,1,4,2,1,1,1,1,1,1,1,1,4,1,1,1,1,1,3,1,1,4,1,1,3,1,1,1,5,1,5,1,1,2,4,1,1,1,1,1,1,1,1,1,1,3,1,5
4765,3,1,3,3,3,3,3,3,4,3,3,3,5,3,3,3,5,5,3,3,5,4,3,3,5,3,3,3,3,3,5,3,3,5,1,3,5,3,3,5,3,3,5,1,5,3,3,5,3,5,5,5,3,3,3,5,3,3,5,3,3,4,3,3,3,3,3,5,3,5,3,3,1,3,5,3,3,3,3,3,3,3,3,3,3,5,2,3,3,3,2,3,3,3,3,5,2,3,3,3
4766,2,2,2,4,2,2,2,2,2,2,4,2,2,2,4,2,2,2,1,2,2,1,2,2,2,2,2,2,2,2,2,4,1,2,4,2,2,4,2,2,2,4,2,2,2,2,4,2,3,4,2,2,2,2,2,2,2,2,2,2,3,2,2,1,2,2,2,2,2,2,2,2,2,2,2,2,2,2,2,2,4,2,2,2,2,2,5,2,2,4,2,2,2,5,2,2,4,2,2,2
4767,1,3,1,1,1,1,4,1,1,1,1,1,1,5,1,1,2,1,1,1,5,5,1,1,1,1,4,1,4,1,1,1,1,1,1,5,1,1,2,1,2,2,1,5,1,2,2,1,1,1,1,1,4,1,5,4,1,2,5,5,4,5,5,4,5,5,3,5,1,1,3,4,1,1,5,1,2,1,1,1,1,1,5,1,1,1,1,1,1,1,1,5,1,1,1,4,3,1,1,5
4768,2,3,2,2,2,4,2,2,2,3,1,4,2,4,2,1,2,4,2,4,1,4,2,4,2,2,2,2,3,2,2,2,4,2,2,2,4,2,1,4,3,2,2,2,2,2,5,2,2,2,2,2,4,2,3,2,2,4,2,3,2,2,2,4,2,2,2,3,1,4,2,4,2,1,2,4,2,4,1,4,2,4,2,2,2,2,3,2,2,2,4,2,2,2,4,2,1,4,3,2
4769,3,3,3,3,3,5,2,3,3,3,4,3,2,2,5,3,3,5,1,3,3,3,3,5,3,3,3,2,4,3,3,3,3,2,4,3,3,3,4,3,2,3,3,3,2,3,3,3,3,3,2,3,3,3,3,4,3,2,3,3,3,3,3,3,5,2,3,3,3,4,3,2,2,5,3,3,5,1,3,3,3,3,5,3,3,3,2,4,3,3,3,3,2,4,3,3,3,4,3,2
4770,1,4,5,1,3,1,5,1,1,5,1,1,1,5,5,5,2,1,5,1,5,5,5,5,5,5,5,5,1,1,1,5,5,4,5,2,5,3,5,2,3,5,5,5,5,5,5,5,2,3,5,1,1,1,4,5,1,3,1,5,1,1,5,1,1,1,5,5,5,2,1,5,1,5,5,5,5,5,5,5,5,1,1,1,5,5,4,5,2,5,3,5,2,3,5,5,5,5,5,5
4771,3,4,1,4,3,1,1,1,3,1,3,1,1,1,1,1,3,3,1,1,4,1,1,1,1,1,1,1,1,4,3,1,1,1,1,3,4,3,3,3,1,4,1,1,1,1,1,3,1,2,1,3,1,3,4,1,4,3,1,1,1,3,1,3,1,1,1,1,1,3,3,1,1,4,1,1,1,1,1,1,1,1,4,3,1,1,1,1,3,4,3,3,3,1,4,1,1,1,1,1
4772,2,5,5,1,2,5,5,5,5,4,1,1,1,4,2,3,3,1,5,5,5,1,5,1,1,5,2,1,2,1,2,1,4,5,4,4,5,4,2,5,5,5,5,5,1,5,1,3,5,5,4,2,3,5,5,5,5,5,5,5,5,5,5,5,4,5,4,1,5,3,5,5,2,4,4,5,4,5,5,4,2,5,5,5,1,5,2,5,1,3,3,3,5,5,1,5,2,4,5,5
4773,2,4,2,2,1,4,2,1,2,4,2,2,2,2,3,4,2,2,2,2,2,2,2,2,4,2,4,2,3,4,2,2,2,2,4,2,2,2,4,2,2,2,2,4,2,2,2,2,1,4,2,2,1,4,4,1,2,2,2,2,2,2,1,4,4,4,2,2,2,2,2,2,2,2,2,2,2,2,1,2,4,2,2,2,2,2,5,2,2,3,2,2,2,5,2,2,3,2,2,2
4774,1,1,2,1,2,1,2,1,2,2,3,2,2,2,2,2,1,2,2,2,5,2,2,2,1,4,2,2,2,2,1,2,1,2,3,2,2,2,1,2,2,2,4,4,1,1,2,1,2,1,2,1,2,2,3,2,2,2,2,2,1,2,2,2,5,2,2,2,1,4,2,2,2,2,1,2,1,2,3,2,2,2,1,2,2,2,4,4,2,2,2,1,2,2,2,4,4,1,2,1
4775,3,3,5,5,5,4,5,2,4,3,4,4,3,5,5,3,4,5,4,3,5,5,1,5,5,5,3,2,3,1,3,3,3,5,5,1,2,3,5,1,5,3,5,3,3,3,5,4,3,3,3,5,5,5,5,5,5,5,2,2,5,2,5,3,4,5,3,5,3,3,5,5,5,4,1,3,5,4,3,5,5,3,4,5,3,5,3,5,4,5,5,3,4,5,3,5,3,5,4,5
4776,3,2,5,5,2,5,5,2,5,5,2,5,5,5,5,5,5,2,5,3,5,3,3,3,5,5,3,5,5,2,3,5,4,5,5,3,2,5,5,5,2,2,2,5,2,3,2,5,5,5,5,5,5,5,5,5,2,2,5,2,5,5,5,5,5,5,5,2,5,5,5,5,3,5,2,5,3,3,5,5,5,3,5,5,3,5,5,3,3,5,5,5,3,5,5,3,5,5,5,3
4777,4,3,4,4,4,5,4,4,4,4,4,5,4,4,4,4,3,3,4,3,4,4,4,5,4,4,2,4,4,2,3,3,4,4,4,4,2,3,4,4,4,4,1,4,4,3,4,4,4,3,3,4,4,4,1,3,4,4,4,2,4,3,5,4,2,4,4,4,4,4,5,4,4,4,4,4,4,4,4,4,4,4,4,4,4,2,4,2,4,3,4,4,2,4,2,4,3,5,4,4
4778,3,3,3,5,3,3,3,1,1,3,3,3,3,3,4,3,4,1,3,2,3,3,1,4,3,2,3,1,1,3,4,3,3,1,3,3,3,4,5,3,1,1,3,4,1,3,1,3,3,3,4,3,4,3,3,3,1,1,3,1,3,4,1,3,3,5,1,3,3,1,3,3,3,3,4,3,3,3,1,3,3,4,3,1,3,4,3,1,3,1,1,3,4,3,1,3,1,3,3,3
4779,4,1,1,1,4,1,1,1,1,1,1,1,5,1,1,3,4,1,3,1,1,1,1,1,1,1,1,1,1,4,1,1,1,1,5,1,5,1,1,1,3,1,1,1,1,1,1,1,3,1,1,1,1,1,1,1,5,1,1,1,1,5,4,1,4,1,5,1,1,1,1,4,1,1,5,1,1,1,5,1,1,1,1,1,1,1,2,1,3,1,4,1,1,1,1,1,2,1,3,1
4780,5,3,4,5,3,2,5,4,4,2,5,2,4,4,3,1,2,4,1,4,4,5,3,4,4,2,4,4,4,4,1,4,4,2,4,4,5,4,4,4,3,4,3,5,4,2,5,2,4,4,1,3,4,5,1,4,4,2,2,4,5,1,1,3,2,2,3,4,1,4,4,2,4,4,2,4,4,3,4,4,4,4,4,3,4,1,5,5,2,3,3,4,1,5,5,2,3,4,2,4
4781,3,3,3,1,3,3,4,3,3,4,3,4,5,3,4,1,3,3,3,4,1,3,2,3,2,3,3,4,3,1,4,3,3,2,3,3,1,3,1,3,3,3,2,3,3,4,3,3,3,3,3,3,3,5,2,3,4,3,3,3,3,1,3,3,4,3,3,4,3,4,5,3,4,1,3,3,3,4,1,3,2,3,2,3,3,4,3,1,4,3,3,2,3,3,1,3,1,3,3,3
4782,4,2,2,2,5,5,2,5,2,2,5,4,2,5,5,5,4,5,5,2,5,4,2,4,2,2,2,2,2,5,4,3,5,5,5,2,2,2,5,5,2,2,2,5,4,5,2,2,2,3,5,2,5,2,5,5,2,5,5,5,5,5,5,4,5,4,3,2,2,5,5,2,2,2,2,2,2,2,2,4,5,2,5,2,2,2,4,2,2,2,2,3,5,2,2,4,2,2,2,3
4783,5,1,5,5,5,5,3,5,5,5,5,2,3,4,1,5,5,5,5,2,2,5,5,2,5,5,5,5,5,4,1,3,3,5,5,5,5,2,1,3,5,1,4,5,1,2,5,5,5,2,3,1,3,5,5,5,4,4,4,4,4,4,3,1,5,5,5,5,5,5,2,5,2,2,5,5,5,1,5,5,2,5,5,5,2,5,1,5,2,2,3,5,3,5,2,2,3,5,3,5
4784,4,1,5,1,5,4,4,2,1,4,4,1,3,4,4,2,4,4,3,4,4,4,4,1,4,4,1,4,4,4,1,2,3,1,2,4,3,2,1,4,4,2,4,1,1,4,1,4,4,4,5,5,4,4,4,2,2,2,2,2,2,2,2,3,3,4,1,4,4,4,4,4,2,2,1,4,4,2,3,5,4,1,1,4,4,4,1,4,4,4,4,5,3,4,4,4,2,3,5,4
4785,3,3,1,5,5,3,1,4,1,3,3,1,1,3,1,3,1,3,5,1,2,3,1,2,1,3,3,1,1,1,1,1,3,1,1,1,4,1,3,3,1,1,1,5,3,3,1,5,5,3,1,4,1,3,3,1,1,3,1,3,1,3,5,1,2,3,1,2,1,3,3,1,1,1,1,1,3,1,1,1,4,1,3,3,1,1,1,5,1,4,1,3,3,1,1,1,5,1,1,3
4786,2,5,5,5,5,5,5,5,5,5,5,5,5,5,5,5,5,5,5,5,5,5,5,5,5,5,5,5,5,1,5,5,5,2,5,5,5,5,5,5,5,5,5,5,5,5,5,5,5,5,5,5,5,5,3,5,5,5,3,2,5,3,5,2,5,5,5,5,3,5,5,5,5,5,3,5,5,5,5,5,5,5,5,5,5,5,3,5,4,3,5,5,5,5,5,5,3,5,4,3
4787,4,5,5,1,1,5,5,X,5,5,5,5,5,5,5,5,5,5,5,5,5,5,5,X,5,5,5,5,5,4,2,5,X,5,5,5,5,5,5,5,1,5,1,1,5,5,5,4,5,5,1,1,5,5,X,5,5,5,5,5,5,5,5,5,5,5,5,5,5,5,X,5,5,5,5,5,4,2,5,X,5,5,5,5,5,5,5,1,5,1,1,5,5,5,5,X,5,5,5,5
4788,X,3,3,4,3,3,5,3,3,3,3,5,3,3,3,3,3,3,3,5,3,3,X,3,3,5,3,3,2,5,3,3,X,3,3,3,5,3,3,3,3,3,3,5,X,5,3,3,X,3,3,4,3,3,5,3,3,3,3,5,3,3,3,3,3,3,3,5,3,3,X,3,3,5,3,3,2,5,3,3,X,3,3,3,5,3,3,3,3,3,3,5,X,5,3,3,3,3,3,5
4789,4,4,4,4,4,4,4,4,4,4,4,4,4,4,4,4,4,4,4,4,4,4,X,4,4,5,4,4,4,4,4,4,3,X,5,4,5,4,4,4,5,4,4,4,4,X,5,4,4,4,4,4,4,4,4,4,4,4,4,4,4,4,4,4,4,4,4,4,4,4,4,X,4,4,5,4,4,4,4,4,4,3,X,5,4,5,4,4,4,5,4,4,4,4,X,5,4,4,4,4
4790,4,2,4,4,4,4,4,4,4,4,4,4,4,4,4,4,4,4,4,4,4,4,4,4,X,4,4,4,4,3,4,2,4,4,4,4,4,4,4,4,4,4,4,X,X,4,4,4,2,4,4,4,4,4,4,4,4,4,4,4,4,4,4,4,4,4,4,4,4,4,4,X,4,4,4,4,3,4,2,4,4,4,4,4,4,4,4,4,4,4,X,X,4,4,4,4,X,4,4,4
4791,2,2,2,2,4,4,2,2,2,2,2,4,2,3,2,2,4,2,4,4,4,2,2,2,2,2,1,2,2,2,2,1,2,4,4,2,2,4,3,2,4,4,2,4,2,2,X,4,4,2,2,2,2,2,4,4,2,2,2,2,2,4,2,3,2,2,4,2,4,4,4,2,2,2,2,2,1,2,2,2,2,1,2,4,4,2,2,4,3,2,4,4,2,4,2,2,X,4,4,2
4792,3,3,3,3,3,4,3,3,3,3,3,3,3,4,3,3,3,3,3,3,3,3,4,3,3,3,3,3,3,3,3,4,3,3,3,3,3,3,3,3,4,3,3,3,3,3,3,3,3,4,3,3,3,3,3,3,3,3,4,3,3,3,3,3,3,3,3,4,3,3,3,3,3,3,3,3,4,3,3,3,3,3,3,3,3,4,3,3,3,3,3,3,3,3,4,3,3,3,3,3
4793,3,3,3,2,3,3,3,3,3,3,3,2,3,3,3,3,3,3,3,3,2,3,3,3,3,3,3,3,3,2,3,3,3,3,3,3,3,3,2,3,3,3,3,3,3,3,3,2,3,3,3,3,3,3,3,3,2,3,3,3,3,3,3,3,3,2,3,3,3,3,3,3,3,3,2,3,3,3,3,3,3,3,3,2,3,3,3,3,3,3,3,3,2,3,3,3,3,3,3,2
4794,1,5,4,2,X,4,5,5,4,5,5,5,4,5,4,2,5,5,5,5,X,X,5,5,5,4,4,5,3,3,5,2,X,4,3,3,4,5,5,5,3,4,3,X,X,4,3,1,5,4,2,X,4,5,5,4,5,5,5,4,5,4,2,5,5,5,5,X,X,5,5,5,4,4,5,3,3,5,2,X,4,3,3,4,5,5,5,3,4,3,X,X,4,3,5,5,5,4,4,5
4795,X,2,2,2,2,2,2,2,2,2,2,2,2,2,2,2,2,2,2,2,2,2,3,2,2,2,4,2,2,2,2,2,2,2,2,2,2,2,2,2,2,2,2,2,X,2,X,2,X,2,2,2,2,2,2,2,2,2,2,2,2,2,2,2,2,2,2,2,2,2,3,2,2,2,4,2,2,2,2,2,2,2,2,2,2,2,2,2,2,2,2,2,X,2,X,2,2,2,2,2
4796,3,3,4,4,4,2,3,3,2,4,4,4,4,4,4,4,2,4,2,5,4,4,4,3,4,4,4,3,4,2,4,3,4,1,3,3,4,4,4,4,4,4,4,4,4,4,4,4,4,5,2,4,4,4,2,4,4,4,4,2,4,1,2,4,4,2,4,2,4,3,3,4,2,2,3,4,5,4,2,4,4,3,4,4,4,4,4,5,1,4,4,4,4,4,5,1,4,3,4,2
4797,4,3,2,2,1,3,5,5,4,4,5,3,3,2,3,1,2,2,4,3,3,5,5,3,4,3,2,1,3,1,4,3,1,3,5,3,5,5,3,5,1,4,5,3,2,2,1,2,3,5,2,5,3,3,2,5,3,3,4,3,2,2,1,3,5,5,4,4,5,3,3,2,3,1,2,2,4,3,3,5,5,3,4,3,2,1,3,1,4,3,1,3,5,3,5,5,3,5,1,4
4798,4,5,2,2,1,1,3,4,2,5,1,4,2,4,1,5,X,5,4,1,2,2,3,5,5,3,1,2,4,2,2,4,1,2,1,1,2,2,4,4,2,4,2,1,2,2,X,1,X,2,4,5,2,2,1,1,3,4,2,5,1,4,2,4,1,5,X,5,4,1,2,2,3,5,5,3,1,2,4,2,2,4,1,2,1,1,2,2,4,4,2,4,2,1,2,2,X,1,X,2
4799,4,1,1,1,3,1,3,1,1,2,1,1,1,1,1,1,1,1,1,1,1,4,1,5,1,1,1,1,1,1,1,3,4,1,1,1,1,1,1,1,1,X,1,4,1,1,1,3,1,3,1,1,2,1,1,1,1,1,1,1,1,1,1,1,4,1,5,1,1,1,1,1,1,1,3,4,1,1,1,1,1,1,1,1,X,1,1,1,1,3,4,1,1,1,1,1,1,1,1,4
4800,1,2,5,4,4,1,1,5,4,5,4,5,5,3,4,4,X,5,1,5,X,4,5,1,4,4,5,4,1,2,5,5,2,5,4,1,5,3,3,4,5,4,5,4,5,X,3,1,5,1,2,5,4,4,1,1,5,4,5,4,5,5,3,4,4,X,5,1,5,X,4,5,1,4,4,5,4,1,2,5,5,2,5,4,1,5,3,3,4,5,4,5,4,5,X,3,1,5,5,1
4801,X,1,1,1,1,1,1,3,1,5,2,4,1,3,2,1,1,1,4,1,1,1,1,2,4,1,4,1,4,1,1,4,4,5,2,5,4,1,1,1,1,1,1,2,X,1,X,1,X,1,1,1,1,1,1,3,1,5,2,4,1,3,2,1,1,1,4,1,1,1,1,2,4,1,4,1,4,1,1,4,4,5,2,5,4,1,1,1,1,1,1,2,X,1,X,1,1,5,2,4
4802,3,5,5,5,5,5,5,5,5,5,5,5,2,5,5,5,5,5,X,5,5,5,5,5,5,4,5,5,5,5,5,1,5,5,5,3,5,5,5,5,5,5,5,5,5,X,5,3,5,5,5,5,5,5,5,5,5,5,5,2,5,5,5,5,5,X,5,5,5,5,5,5,4,5,5,5,5,5,1,5,5,5,3,5,5,5,5,5,5,5,5,5,X,5,5,5,5,4,5,5
4803,4,4,4,4,4,4,5,4,2,2,4,3,4,4,4,4,4,4,4,2,4,4,5,4,4,4,2,1,4,X,2,4,4,2,5,2,4,2,3,4,4,4,4,2,4,4,3,4,5,4,4,4,4,4,4,4,5,4,2,2,4,3,4,4,4,4,4,4,4,2,4,4,5,4,4,4,2,1,4,X,2,4,4,2,5,2,4,2,3,4,4,4,4,2,4,4,3,4,5,4
4804,2,2,2,2,2,2,2,2,2,2,2,2,2,2,2,2,2,2,2,2,2,2,2,2,2,2,2,2,2,2,2,2,2,2,2,2,2,2,2,2,2,2,2,2,2,2,2,2,2,2,2,2,2,2,2,2,2,2,2,2,2,2,2,2,2,2,2,2,2,2,2,2,2,2,2,2,2,2,2,2,2,2,2,2,2,2,2,2,2,2,2,2,2,2,2,2,2,2,2,2
4805,4,5,4,4,4,5,4,4,4,5,4,4,4,5,4,4,1,4,5,4,4,4,5,4,4,1,4,5,4,4,4,5,4,4,1,4,5,4,4,4,5,4,4,1,4,5,4,4,4,5,4,4,1,4,5,4,4,4,5,4,4,1,4,5,4,4,4,5,4,4,1,4,5,4,4,4,5,4,4,1,4,5,4,4,4,5,4,4,1,4,5,4,4,4,5,4,4,1,4,4
4806,4,1,1,1,4,1,1,1,1,1,1,1,3,1,1,1,1,1,1,1,1,1,1,1,1,1,1,1,1,3,1,1,1,1,1,1,4,1,1,1,1,1,1,1,1,1,1,4,1,1,1,4,1,1,1,1,1,1,1,3,1,1,1,1,1,1,1,1,1,1,1,1,1,1,1,1,3,1,1,1,1,1,1,4,1,1,1,1,1,1,1,1,1,1,1,1,1,1,1,1
4807,2,2,2,3,2,2,2,2,2,2,2,2,2,2,2,2,2,2,2,2,2,2,2,2,5,2,2,2,2,2,3,4,2,2,2,2,2,2,2,2,2,2,2,2,3,2,2,2,2,2,2,2,2,2,2,2,2,2,2,2,2,2,2,2,2,5,2,2,2,2,2,3,4,2,2,2,2,2,2,2,2,2,2,2,2,5,2,2,2,2,2,3,4,2,2,2,2,2,2,2
4808,2,5,3,1,5,2,5,5,5,5,5,5,5,5,1,5,X,3,X,X,5,5,5,5,5,5,2,5,3,5,5,5,X,5,5,1,4,5,5,5,5,5,5,2,5,3,1,5,2,5,5,5,5,5,5,5,5,1,5,X,3,X,X,5,5,5,5,5,5,2,5,3,5,5,5,X,5,5,1,4,5,5,5,5,5,5,3,5,5,5,X,5,5,1,4,5,5,5,5,X
4809,5,5,5,1,5,5,5,4,5,5,4,5,5,5,5,5,4,5,5,5,5,5,5,4,4,1,5,5,3,4,1,5,1,5,5,5,4,4,5,1,5,4,5,5,5,1,5,5,5,4,5,5,4,5,5,5,5,5,4,5,5,5,5,5,5,4,4,1,5,5,3,4,1,5,1,5,5,5,4,4,5,1,5,4,5,5,5,5,5,5,4,4,1,5,5,3,4,1,5,1
4810,3,1,1,1,2,1,1,1,1,5,1,1,1,1,1,1,5,1,1,1,1,1,1,1,1,1,1,1,3,1,1,1,5,1,1,1,1,1,1,1,1,1,1,3,1,1,1,2,1,1,1,1,5,1,1,1,1,1,1,5,1,1,1,1,1,1,1,1,1,1,1,3,1,1,1,5,1,1,1,1,1,1,1,1,1,1,3,1,1,1,5,1,1,1,1,1,1,1,1,5
4811,5,5,5,5,5,5,5,5,5,5,5,5,5,5,5,5,5,5,5,5,5,5,5,5,5,5,5,5,5,5,5,5,5,5,5,5,5,5,5,5,5,5,5,5,5,5,5,5,5,5,5,5,5,5,5,5,5,5,5,5,5,5,5,5,5,5,5,5,5,5,5,5,5,5,5,5,5,5,5,5,5,5,5,5,5,5,5,5,5,5,5,5,5,5,5,5,5,5,5,5
4812,2,3,3,3,3,3,3,3,1,3,3,3,5,3,3,3,3,3,3,X,3,X,3,5,1,5,3,1,3,3,1,3,3,3,1,5,4,3,1,3,3,3,3,3,3,X,3,2,3,3,3,3,3,3,3,1,3,3,3,5,3,3,3,3,3,3,X,3,X,3,5,1,5,3,1,3,3,1,3,3,3,1,5,4,3,1,3,3,3,3,3,3,X,3,3,5,1,5,3,1
4813,1,4,4,4,4,4,4,4,1,4,4,4,4,4,4,4,4,1,4,4,4,4,4,4,4,4,1,4,4,4,4,4,4,4,4,1,4,4,4,4,4,4,4,4,1,4,4,4,4,4,4,4,4,1,4,4,4,4,4,4,4,4,1,4,4,4,4,4,4,4,4,1,4,4,4,4,4,4,4,4,1,4,4,4,4,4,4,4,4,1,4,4,4,4,4,4,4,4,4,4
4814,3,3,1,2,4,1,5,2,2,5,5,3,5,2,5,X,X,5,X,X,1,3,3,2,3,5,1,4,5,1,5,5,3,5,5,5,4,1,3,2,1,X,5,3,3,1,2,4,1,5,2,2,5,5,3,5,2,5,X,X,5,X,X,1,3,3,2,3,5,1,4,5,1,5,5,3,5,5,5,4,1,3,2,1,X,5,5,1,5,5,3,5,5,5,4,1,3,2,1,3
4815,5,4,4,1,4,2,4,4,4,4,4,4,2,4,4,4,4,4,4,2,3,4,3,4,2,4,4,4,4,4,3,3,4,4,4,4,4,4,4,1,4,5,4,4,1,4,2,4,4,4,4,4,4,2,4,4,4,4,4,4,2,3,4,3,4,2,4,4,4,4,4,3,3,4,4,4,4,4,4,4,1,4,4,3,4,2,4,4,4,4,4,3,3,4,4,4,4,1,4,4
4816,4,4,5,5,4,5,5,5,5,4,5,5,5,5,5,1,5,5,5,5,3,3,5,4,4,4,5,5,5,5,4,3,5,4,3,5,5,5,4,4,5,5,4,3,4,4,5,5,4,5,5,5,5,4,5,5,5,5,5,1,5,5,5,5,3,3,5,4,4,4,5,5,5,5,4,3,5,4,3,5,5,5,4,4,5,5,4,3,5,5,5,4,4,5,5,4,3,4,3,5
4817,5,1,2,2,5,1,2,4,5,5,3,3,3,3,3,X,3,3,4,X,5,5,4,5,X,X,3,3,2,1,X,5,3,2,3,X,2,X,5,5,2,X,4,5,1,2,2,5,1,2,4,5,5,3,3,3,3,3,X,3,3,4,X,5,5,4,5,X,X,3,3,2,1,X,5,3,2,3,X,2,X,5,5,2,X,4,2,1,X,5,3,2,3,X,2,X,5,5,2,3
4818,3,2,2,2,4,3,2,2,3,2,2,2,4,3,2,2,1,3,2,2,2,4,3,2,2,1,3,2,2,2,4,3,2,2,1,3,2,2,2,4,3,2,2,1,3,2,2,2,4,3,2,2,1,3,2,2,2,4,3,2,2,1,3,2,2,2,4,3,2,2,1,3,2,2,2,4,3,2,2,1,3,2,2,2,4,3,2,2,1,3,2,2,2,4,3,2,2,1,2,2
4819,4,4,4,4,4,X,4,4,4,4,4,4,4,X,4,4,X,4,4,4,4,4,X,4,4,X,4,4,4,4,4,X,4,4,X,4,4,4,4,4,X,4,4,X,4,4,4,4,4,X,4,4,X,4,4,4,4,4,X,4,4,X,4,4,4,4,4,X,4,4,X,4,4,4,4,4,X,4,4,X,4,4,4,4,4,X,4,4,X,4,4,4,4,4,X,4,4,X,4,4
4820,2,4,3,5,3,3,X,5,3,3,3,3,3,1,1,3,X,X,1,X,3,4,4,4,3,3,X,4,5,3,3,3,3,3,3,X,3,X,1,3,3,X,2,4,3,5,3,3,X,5,3,3,3,3,3,1,1,3,X,X,1,X,3,4,4,4,3,3,X,4,5,3,3,3,3,3,3,X,3,X,1,3,3,X,X,1,X,3,4,4,4,3,3,X,4,5,3,3,3,3
4821,3,3,5,4,5,3,5,5,3,5,3,2,5,5,4,4,5,X,5,X,2,5,5,X,4,1,3,5,5,3,5,5,5,4,X,4,4,5,5,3,5,3,3,5,4,5,3,5,5,3,5,3,2,5,5,4,4,5,X,5,X,2,5,5,X,4,1,3,5,5,3,5,5,5,4,X,4,4,5,5,3,5,5,5,X,4,1,3,5,5,3,5,5,5,4,X,5,3,5,5
4822,2,1,1,2,1,2,2,1,2,1,1,2,1,2,2,1,3,2,1,1,2,1,2,2,1,3,2,1,1,2,1,2,2,1,3,2,1,1,2,1,2,2,1,3,2,1,1,2,1,2,2,1,3,2,1,1,2,1,2,2,1,3,2,1,1,2,1,2,2,1,3,2,1,1,2,1,2,2,1,3,2,1,1,2,1,2,2,1,3,2,1,1,2,1,2,2,1,3,1,2
4823,2,2,2,2,2,2,2,2,2,2,2,2,2,2,2,2,X,2,2,2,2,2,2,2,2,X,2,2,2,2,2,2,2,2,X,2,2,2,2,2,2,2,2,X,2,2,2,2,2,2,2,2,X,2,2,2,2,2,2,2,2,X,2,2,2,2,2,2,2,2,X,2,2,2,2,2,2,2,2,X,2,2,2,2,2,2,2,2,X,2,2,2,2,2,2,2,2,X,2,2
4824,1,1,2,2,2,X,4,2,1,1,2,2,2,X,4,2,1,1,1,2,2,2,X,4,2,1,1,1,2,2,2,X,4,2,1,1,1,2,2,2,X,4,2,1,1,1,2,2,2,X,4,2,1,1,1,2,2,2,X,4,2,1,1,1,2,2,2,X,4,2,1,1,1,2,2,2,X,4,2,1,1,1,2,2,2,X,4,2,1,1,1,2,2,2,X,4,2,1,2,2
4825,3,1,1,1,1,X,2,1,3,1,1,1,1,X,2,1,2,3,1,1,1,1,X,2,1,2,3,1,1,1,1,X,2,1,2,3,1,1,1,1,X,2,1,2,3,1,1,1,1,X,2,1,2,3,1,1,1,1,X,2,1,2,3,1,1,1,1,X,2,1,2,3,1,1,1,1,X,2,1,2,3,1,1,1,1,X,2,1,2,3,1,1,1,1,X,2,1,2,1,1
4826,2,2,2,2,2,2,2,3,2,2,2,2,2,2,2,2,2,2,2,2,5,2,2,2,2,2,2,4,2,2,2,2,2,2,2,4,2,2,2,3,4,2,4,2,3,3,2,2,2,2,2,2,2,2,5,2,2,2,2,2,2,2,2,5,2,2,3,2,X,X,2,2,2,2,2,2,3,2,2,3,2,2,2,2,4,2,2,2,2,2,2,2,2,2,X,3,4,2,2,2
4827,1,2,2,3,1,2,2,5,2,2,2,2,2,2,3,2,2,1,2,2,3,2,2,2,2,2,2,2,1,2,2,2,3,2,2,2,2,2,1,1,2,2,4,2,2,2,2,2,2,2,1,2,2,2,2,2,2,2,2,2,2,2,2,4,1,5,3,2,2,2,2,2,2,2,2,2,2,2,2,5,2,1,2,2,2,2,2,2,2,4,2,5,5,2,2,2,2,2,5,2
4828,4,4,4,4,5,4,4,5,4,4,4,4,4,4,4,4,4,4,5,4,4,4,4,4,4,4,4,4,4,4,4,4,4,4,4,4,4,4,4,4,4,1,4,4,4,4,4,4,4,4,4,4,4,4,4,1,4,5,4,4,4,1,5,4,3,4,4,4,5,4,4,4,4,4,4,4,4,4,4,4,4,3,4,4,4,4,2,1,3,4,4,3,4,4,4,4,2,1,3,4
4829,1,1,X,1,1,1,2,1,4,1,1,1,1,1,X,1,1,4,1,1,1,1,1,1,X,1,1,1,1,2,1,1,2,1,1,1,1,1,1,1,1,1,1,X,X,1,2,1,1,X,1,1,1,2,1,4,1,1,1,1,1,X,1,1,4,1,1,1,1,1,1,X,1,1,1,1,2,1,1,2,1,1,1,1,1,1,1,1,1,1,X,X,1,2,1,1,X,1,1,1
4830,4,4,4,4,2,4,4,4,4,4,4,4,2,4,4,4,1,4,4,4,4,2,4,4,4,1,4,4,4,4,2,4,4,4,1,4,4,4,4,2,4,4,4,1,4,4,4,4,2,4,4,4,1,4,4,4,4,2,4,4,4,1,4,4,4,4,2,4,4,4,1,4,4,4,4,2,4,4,4,1,4,4,4,4,2,4,4,4,1,4,4,4,4,2,4,4,4,1,4,4
4831,5,5,1,1,1,1,2,1,5,5,1,1,1,1,2,1,1,5,5,1,1,1,1,2,1,1,5,5,1,1,1,1,2,1,1,5,5,1,1,1,1,2,1,1,5,5,1,1,1,1,2,1,1,5,5,1,1,1,1,2,1,1,5,5,1,1,1,1,2,1,1,5,5,1,1,1,1,2,1,1,5,5,1,1,1,1,2,1,1,5,5,1,1,1,1,2,1,1,1,1
4832,2,2,2,2,2,2,2,2,2,2,2,2,2,2,2,2,2,2,2,2,2,2,2,2,2,2,2,2,2,2,2,2,2,2,2,2,2,2,2,2,2,2,2,2,2,2,2,2,2,2,2,2,2,2,2,2,2,2,2,2,2,2,2,2,2,2,2,2,2,2,2,2,2,2,2,2,2,2,2,2,2,2,2,2,2,2,2,2,2,2,2,2,2,2,2,2,2,2,2,2
4833,X,1,2,1,1,4,5,4,1,1,4,2,1,3,1,2,1,1,1,1,1,1,4,4,1,4,4,1,1,4,4,1,4,1,4,1,2,1,4,1,1,1,1,1,X,1,X,4,X,1,2,1,1,4,5,4,1,1,4,2,1,3,1,2,1,1,1,1,1,1,4,4,1,4,4,1,1,4,4,1,4,1,4,1,2,1,4,1,1,1,1,1,X,1,X,4,1,1,4,2
4834,3,3,3,3,3,X,3,3,3,3,3,3,3,X,3,3,3,3,3,3,3,3,X,3,3,3,3,3,3,3,3,X,3,3,3,3,3,3,3,3,X,3,3,3,3,3,3,3,3,X,3,3,3,3,3,3,3,3,X,3,3,3,3,3,3,3,3,X,3,3,3,3,3,3,3,3,X,3,3,3,3,3,3,3,3,X,3,3,3,3,3,3,3,3,X,3,3,3,3,3
4835,1,4,5,5,4,4,5,4,4,4,4,1,4,4,4,5,4,4,4,4,4,2,4,5,4,4,4,4,5,4,4,5,4,4,3,4,4,2,4,4,4,4,4,1,4,X,4,5,4,1,4,5,5,4,4,5,4,4,4,4,1,4,4,4,5,4,4,4,4,4,2,4,5,4,4,4,4,5,4,4,5,4,4,3,4,4,2,4,4,4,4,4,1,4,X,4,5,4,4,1
4836,3,5,4,X,5,5,3,X,5,X,4,X,5,X,1,X,5,5,5,X,X,5,X,X,4,X,5,3,3,5,5,5,X,5,4,X,4,5,5,X,5,3,5,5,X,5,X,X,3,5,4,X,5,5,3,X,5,X,4,X,5,X,1,X,5,5,5,X,X,5,X,X,4,X,5,3,3,5,5,5,X,5,4,X,4,5,5,X,5,3,5,5,X,5,X,X,5,X,4,X
4837,3,5,2,5,3,4,1,X,3,2,5,2,5,4,2,5,5,5,5,X,5,4,5,1,5,5,1,5,5,4,5,5,5,1,1,1,4,4,5,5,5,X,5,1,4,2,X,4,X,4,3,5,2,5,3,4,1,X,3,2,5,2,5,4,2,5,5,5,5,X,5,4,5,1,5,5,1,5,5,4,5,5,5,1,1,1,4,4,5,5,5,X,5,1,4,2,X,4,X,4
4838,3,3,3,X,X,X,3,3,3,3,3,X,X,X,3,3,X,3,3,3,X,X,X,3,3,X,3,3,3,X,X,X,3,3,X,3,3,3,X,X,X,3,3,X,3,3,3,X,X,X,3,3,X,3,3,3,X,X,X,3,3,X,3,3,3,X,X,X,3,3,X,3,3,3,X,X,X,3,3,X,3,3,3,X,X,X,3,3,X,3,3,3,X,X,X,3,3,X,3,X
4839,1,2,1,1,2,X,1,1,1,2,1,1,2,X,1,1,X,1,2,1,1,2,X,1,1,X,1,2,1,1,2,X,1,1,X,1,2,1,1,2,X,1,1,X,1,2,1,1,2,X,1,1,X,1,2,1,1,2,X,1,1,X,1,2,1,1,2,X,1,1,X,1,2,1,1,2,X,1,1,X,1,2,1,1,2,X,1,1,X,1,2,1,1,2,X,1,1,X,1,1
4840,3,3,3,5,3,3,2,3,2,2,3,3,3,3,3,4,2,X,3,X,3,3,4,3,3,4,2,4,2,4,4,3,X,3,3,3,2,X,2,5,5,X,3,3,3,5,3,3,2,3,2,2,3,3,3,3,3,4,2,X,3,X,3,3,4,3,3,4,2,4,2,4,4,3,X,3,3,3,2,X,2,5,5,X,X,3,X,3,3,4,3,3,4,2,4,2,4,4,3,X
4841,2,1,4,2,X,2,4,4,1,1,1,1,1,1,1,X,1,1,X,1,1,1,1,4,1,2,2,4,2,1,3,4,2,1,1,4,5,2,2,1,2,1,4,1,1,X,1,2,1,4,2,X,2,4,4,1,1,1,1,1,1,1,X,1,1,X,1,1,1,1,4,1,2,2,4,2,1,3,4,2,1,1,4,5,2,2,1,2,1,4,1,1,X,1,1,4,1,2,2,4
4842,3,1,1,1,5,1,4,1,3,1,1,1,5,1,4,1,1,3,1,1,1,5,1,4,1,1,3,1,1,1,5,1,4,1,1,3,1,1,1,5,1,4,1,1,3,1,1,1,5,1,4,1,1,3,1,1,1,5,1,4,1,1,3,1,1,1,5,1,4,1,1,3,1,1,1,5,1,4,1,1,3,1,1,1,5,1,4,1,1,3,1,1,1,5,1,4,1,1,1,1
4844,2,4,X,5,X,3,1,X,5,3,3,5,2,X,X,5,4,X,X,5,X,X,3,3,X,2,4,4,3,4,X,5,3,3,1,X,5,X,4,5,X,1,X,X,2,4,X,5,X,3,1,X,5,3,3,5,2,X,X,5,4,X,X,5,X,X,3,3,X,2,4,4,3,4,X,5,3,3,1,X,5,X,4,5,X,1,X,X,X,5,X,4,5,X,1,X,X,X,5,3
4845,X,5,2,5,2,5,2,5,2,2,4,3,2,4,2,X,X,4,4,X,3,2,3,1,2,4,4,2,2,2,2,3,5,4,2,4,2,2,2,4,4,X,5,2,5,2,5,2,5,2,2,4,3,2,4,2,X,X,4,4,X,3,2,3,1,2,4,4,2,2,2,2,3,5,4,2,4,2,2,2,4,4,2,3,1,2,4,4,2,2,2,2,3,5,4,2,2,4,4,2
4846,1,2,2,2,2,2,3,2,2,2,3,2,2,2,2,2,2,2,2,X,2,2,2,3,2,3,2,2,1,2,2,2,2,2,2,2,4,2,2,2,3,X,2,1,2,2,2,2,2,3,2,2,2,3,2,2,2,2,2,2,2,2,X,2,2,2,3,2,3,2,2,1,2,2,2,2,2,2,2,4,2,2,2,3,X,2,1,2,2,2,2,2,2,2,4,2,2,2,3,2
4847,4,4,4,4,1,4,4,4,4,4,4,4,4,3,4,4,4,4,4,4,2,4,4,4,1,1,4,1,2,1,4,4,2,4,4,4,4,1,4,4,4,X,4,4,4,4,1,4,4,4,4,4,4,4,4,3,4,4,4,4,4,4,2,4,4,4,1,1,4,1,2,1,4,4,2,4,4,4,4,1,4,4,4,X,4,4,4,2,4,4,4,1,1,4,1,2,1,4,4,2
4848,1,4,4,4,4,4,3,4,4,4,1,4,4,1,4,4,4,4,2,4,4,4,4,X,4,4,4,4,4,4,4,4,4,X,4,4,5,2,4,4,3,4,1,4,4,X,4,X,4,1,4,4,4,4,4,3,4,4,4,1,4,4,1,4,4,4,4,2,4,4,4,4,X,4,4,4,4,4,4,4,4,4,X,4,4,5,2,4,4,3,4,1,4,4,X,4,X,4,4,1
4849,4,3,3,3,4,3,3,3,3,3,3,3,4,4,3,3,3,3,3,3,4,3,3,3,3,3,4,3,3,3,3,4,4,3,3,3,3,3,3,5,3,X,4,4,3,3,3,4,3,3,3,3,3,3,3,4,4,3,3,3,3,3,3,4,3,3,3,3,3,4,3,3,3,3,4,4,3,3,3,3,3,3,5,3,X,4,3,3,3,4,4,3,3,3,3,3,3,5,3,4
4850,3,4,1,4,3,5,5,5,4,4,4,4,4,1,4,4,4,3,4,4,4,4,4,4,4,5,5,4,4,5,4,4,3,4,4,4,4,4,4,5,4,X,3,4,1,4,3,5,5,5,4,4,4,4,4,1,4,4,4,3,4,4,4,4,4,4,4,5,5,4,4,5,4,4,3,4,4,4,4,4,4,5,4,X,3,4,4,4,4,4,4,4,5,5,4,4,5,4,4,3
4851,1,5,2,5,5,5,4,5,5,3,5,5,5,5,4,5,5,5,5,5,5,5,5,5,5,5,4,5,4,5,5,5,4,3,5,5,5,4,5,5,5,5,X,5,1,5,2,5,5,5,4,5,5,3,5,5,5,5,4,5,5,5,5,5,5,5,5,5,5,5,4,5,4,5,5,5,4,3,5,5,5,4,5,5,5,5,X,5,5,5,4,5,5,5,5,X,5,5,5,4
4852,4,2,5,4,4,5,5,5,4,4,5,2,5,5,4,5,2,5,5,1,1,5,1,5,5,4,4,1,5,4,2,5,5,4,5,5,5,5,5,5,5,2,5,X,5,4,2,5,4,4,5,5,5,4,4,5,2,5,5,4,5,2,5,5,1,1,5,1,5,5,4,4,1,5,4,2,5,5,4,5,5,5,5,5,5,5,2,5,X,5,1,5,4,2,5,5,4,5,5,5
4853,3,3,3,3,3,3,3,3,3,3,3,3,3,3,3,3,X,3,3,3,3,3,3,3,3,X,3,3,3,3,3,3,3,3,X,3,3,3,3,3,3,3,3,X,3,3,3,3,3,3,3,3,X,3,3,3,3,3,3,3,3,X,3,3,3,3,3,3,3,3,X,3,3,3,3,3,3,3,3,X,3,3,3,3,3,3,3,3,X,3,3,3,3,3,3,3,3,X,3,3
4854,5,2,2,2,4,5,2,2,2,5,2,2,2,2,2,2,2,2,2,2,2,2,1,2,2,2,2,2,2,2,2,2,4,4,2,2,2,2,2,2,2,2,X,2,5,2,2,2,4,5,2,2,2,5,2,2,2,2,2,2,2,2,2,2,2,2,1,2,2,2,2,2,2,2,2,2,4,4,2,2,2,2,2,2,2,2,X,2,2,2,2,2,2,2,2,X,2,2,2,4
4855,1,1,1,1,1,1,1,1,1,1,1,1,1,1,1,1,1,1,1,1,1,1,1,1,1,1,1,1,1,1,1,1,1,1,1,1,1,1,1,1,1,1,1,1,1,1,1,1,1,1,1,1,1,1,1,1,1,1,1,1,1,1,1,1,1,1,1,1,1,1,1,1,1,1,1,1,1,1,1,1,1,1,1,1,1,1,1,1,1,1,1,1,1,1,1,1,1,1,1,1
4856,2,3,3,1,3,2,2,3,2,3,3,1,3,2,2,3,X,2,3,3,1,3,2,2,3,X,2,3,3,1,3,2,2,3,X,2,3,3,1,3,2,2,3,X,2,3,3,1,3,2,2,3,X,2,3,3,1,3,2,2,3,X,2,3,3,1,3,2,2,3,X,2,3,3,1,3,2,2,3,X,2,3,3,1,3,2,2,3,X,2,3,3,1,3,2,2,3,X,3,1
4857,X,4,2,4,2,4,2,4,4,2,4,4,5,X,4,4,2,X,4,X,4,2,4,2,4,4,5,5,4,2,2,4,3,4,5,4,5,2,5,5,4,X,4,X,4,2,4,2,4,2,4,4,2,4,4,5,X,4,4,2,X,4,X,4,2,4,2,4,4,5,5,4,2,2,4,3,4,5,4,5,2,5,5,4,X,4,4,2,2,4,3,4,5,4,5,2,5,5,4,3
4858,2,2,1,1,1,1,X,1,2,2,1,1,1,1,X,1,X,2,2,1,1,1,1,X,1,X,2,2,1,1,1,1,X,1,X,2,2,1,1,1,1,X,1,X,2,2,1,1,1,1,X,1,X,2,2,1,1,1,1,X,1,X,2,2,1,1,1,1,X,1,X,2,2,1,1,1,1,X,1,X,2,2,1,1,1,1,X,1,X,2,2,1,1,1,1,X,1,X,1,1
4859,4,4,4,4,4,4,4,4,4,4,4,4,4,4,4,4,X,4,4,4,4,4,4,4,4,X,4,4,4,4,4,4,4,4,X,4,4,4,4,4,4,4,4,X,4,4,4,4,4,4,4,4,X,4,4,4,4,4,4,4,4,X,4,4,4,4,4,4,4,4,X,4,4,4,4,4,4,4,4,X,4,4,4,4,4,4,4,4,X,4,4,4,4,4,4,4,4,X,4,4
4860,5,2,2,5,X,5,2,5,5,2,2,5,X,5,2,5,2,5,2,2,5,X,5,2,5,2,5,2,2,5,X,5,2,5,2,5,2,2,5,X,5,2,5,2,5,2,2,5,X,5,2,5,2,5,2,2,5,X,5,2,5,2,5,2,2,5,X,5,2,5,2,5,2,2,5,X,5,2,5,2,5,2,2,5,X,5,2,5,2,5,2,2,5,X,5,2,5,2,2,5
4861,1,5,5,X,5,5,5,4,1,5,5,X,5,5,5,4,5,1,5,5,X,5,5,5,4,5,1,5,5,X,5,5,5,4,5,1,5,5,X,5,5,5,4,5,1,5,5,X,5,5,5,4,5,1,5,5,X,5,5,5,4,5,1,5,5,X,5,5,5,4,5,1,5,5,X,5,5,5,4,5,1,5,5,X,5,5,5,4,5,1,5,5,X,5,5,5,4,5,5,X
4862,X,2,4,2,2,3,3,2,2,2,2,2,2,2,1,4,2,2,X,X,2,2,1,2,2,2,X,3,4,2,2,2,4,2,2,2,2,2,2,2,2,X,2,X,2,4,2,2,3,3,2,2,2,2,2,2,2,1,4,2,2,X,X,2,2,1,2,2,2,X,3,4,2,2,2,4,2,2,2,2,2,2,2,2,X,2,4,2,2,2,4,2,2,2,2,2,2,2,2,4
4864,X,X,2,1,3,3,1,X,5,3,5,2,3,4,1,2,2,3,2,X,X,5,X,1,2,3,2,5,2,2,1,3,5,X,2,3,5,3,3,5,5,X,3,1,2,X,X,5,X,X,X,X,2,1,3,3,1,X,5,3,5,2,3,4,1,2,2,3,2,X,X,5,X,1,2,3,2,5,2,2,1,3,5,X,2,3,5,3,3,5,5,X,3,1,2,X,X,5,X,X
4865,5,2,5,5,2,2,5,5,5,2,5,5,2,2,5,5,2,5,2,5,5,2,2,5,5,2,5,2,5,5,2,2,5,5,2,5,2,5,5,2,2,5,5,2,5,2,5,5,2,2,5,5,2,5,2,5,5,2,2,5,5,2,5,2,5,5,2,2,5,5,2,5,2,5,5,2,2,5,5,2,5,2,5,5,2,2,5,5,2,5,2,5,5,2,2,5,5,2,5,5
4866,4,4,4,4,4,4,4,4,4,4,4,4,4,4,4,4,3,4,4,4,4,4,1,1,4,4,4,4,4,5,4,1,4,4,4,4,4,4,4,4,4,4,4,4,4,4,4,4,4,4,4,4,4,4,1,4,4,4,4,4,4,1,4,4,2,4,4,4,1,4,4,4,4,4,4,4,4,4,4,4,5,4,4,4,4,2,4,2,3,3,4,4,2,4,2,3,3,4,4,4
4867,3,3,X,3,1,3,3,5,3,3,3,3,5,3,2,3,3,3,3,3,3,3,3,3,X,3,3,3,5,2,3,3,3,3,3,3,5,3,3,3,3,3,3,X,X,3,3,3,3,X,3,1,3,3,5,3,3,3,3,5,3,2,3,3,3,3,3,3,3,3,3,X,3,3,3,5,2,3,3,3,3,3,3,5,3,3,3,3,3,3,X,X,3,3,3,3,X,3,3,3
4868,2,2,2,2,2,2,2,2,2,2,1,4,4,2,2,2,4,2,2,2,2,2,2,2,2,2,2,2,2,1,2,2,2,1,2,3,2,4,2,2,3,1,2,2,2,2,2,2,2,3,2,3,5,2,2,2,2,2,2,2,2,2,2,1,4,4,2,2,2,4,2,2,2,2,2,2,2,2,2,2,2,2,1,2,2,2,1,2,3,2,4,2,2,3,1,2,2,2,2,2
4869,1,1,1,1,1,1,1,1,1,1,1,5,1,3,1,1,1,1,1,1,1,1,1,1,1,1,2,1,5,1,1,1,3,1,1,1,1,1,4,1,1,1,1,1,X,4,X,1,1,1,1,1,1,1,1,1,1,1,1,5,1,3,1,1,1,1,1,1,1,1,1,1,1,1,2,1,5,1,1,1,3,1,1,1,1,1,4,1,1,1,1,1,X,4,X,1,1,1,1,5
4870,5,4,5,3,2,5,5,2,4,4,5,4,4,4,1,X,4,4,4,4,X,4,4,X,5,2,4,4,5,5,1,4,4,2,2,2,4,4,5,5,4,4,X,4,2,X,4,X,4,5,4,5,3,2,5,5,2,4,4,5,4,4,4,1,X,4,4,4,4,X,4,4,X,5,2,4,4,5,5,1,4,4,2,2,2,4,4,5,5,4,4,X,4,2,X,4,X,4,4,5
4871,2,2,2,2,3,3,2,2,2,2,5,1,2,2,2,2,2,2,2,2,2,2,5,2,2,2,2,2,2,2,3,2,3,2,2,2,2,2,2,2,2,2,5,2,2,2,2,2,2,2,2,2,2,2,2,3,5,3,3,5,3,4,3,3,2,2,2,2,2,2,2,2,2,2,2,4,2,5,2,2,3,2,2,2,2,2,2,5,3,5,5,3,2,2,2,2,2,2,5,2
4872,4,1,1,1,1,1,1,1,4,1,1,1,1,1,1,1,1,4,1,1,1,1,1,1,1,1,4,1,1,1,1,1,1,1,1,4,1,1,1,1,1,1,1,1,4,1,1,1,1,1,1,1,1,4,1,1,1,1,1,1,1,1,4,1,1,1,1,1,1,1,1,4,1,1,1,1,1,1,1,1,4,1,1,1,1,1,1,1,1,4,1,1,1,1,1,1,1,1,1,1
4873,3,4,4,4,4,X,4,4,3,4,4,4,4,X,4,4,X,3,4,4,4,4,X,4,4,X,3,4,4,4,4,X,4,4,X,3,4,4,4,4,X,4,4,X,3,4,4,4,4,X,4,4,X,3,4,4,4,4,X,4,4,X,3,4,4,4,4,X,4,4,X,3,4,4,4,4,X,4,4,X,3,4,4,4,4,X,4,4,X,3,4,4,4,4,X,4,4,X,4,4
4874,5,X,X,4,5,X,5,X,X,5,5,X,4,5,X,X,5,5,5,5,X,5,5,5,X,5,X,5,5,3,2,5,5,X,5,5,2,5,5,X,5,5,X,X,X,X,X,5,X,X,4,5,X,5,X,X,5,5,X,4,5,X,X,5,5,5,5,X,5,5,5,X,5,X,5,5,3,2,5,5,X,5,5,2,5,5,X,5,5,X,X,X,X,X,5,5,X,5,X,5
4875,5,1,1,1,4,1,1,1,5,1,1,1,4,1,1,1,1,5,1,1,1,4,1,1,1,1,5,1,1,1,4,1,1,1,1,5,1,1,1,4,1,1,1,1,5,1,1,1,4,1,1,1,1,5,1,1,1,4,1,1,1,1,5,1,1,1,4,1,1,1,1,5,1,1,1,4,1,1,1,1,5,1,1,1,4,1,1,1,1,5,1,1,1,4,1,1,1,1,1,1
4877,1,2,X,3,X,4,5,4,4,2,4,4,3,2,5,1,4,4,4,2,2,2,2,4,X,5,4,4,2,3,4,3,5,4,1,2,1,2,2,4,4,4,2,X,X,2,4,1,2,X,3,X,4,5,4,4,2,4,4,3,2,5,1,4,4,4,2,2,2,2,4,X,5,4,4,2,3,4,3,5,4,1,2,1,2,2,4,4,4,2,X,X,2,4,2,4,X,5,4,4
4879,X,5,3,5,5,5,2,5,5,5,4,3,5,3,5,4,3,5,5,3,5,5,5,5,5,5,4,3,4,5,5,5,5,X,5,5,3,4,5,5,5,5,3,5,X,5,X,3,X,5,3,5,5,5,2,5,5,5,4,3,5,3,5,4,3,5,5,3,5,5,5,5,5,5,4,3,4,5,5,5,5,X,5,5,3,4,5,5,5,5,3,5,X,5,X,3,5,5,4,3
4880,X,5,1,4,1,1,2,X,5,5,1,2,5,4,1,X,5,5,5,X,5,5,5,2,3,4,5,2,3,1,1,5,5,X,5,2,5,X,2,5,5,3,5,1,2,3,5,X,X,X,5,1,4,1,1,2,X,5,5,1,2,5,4,1,X,5,5,5,X,5,5,5,2,3,4,5,2,3,1,1,5,5,X,5,2,5,X,2,5,5,3,5,1,2,3,5,X,X,X,X
4881,3,2,3,3,3,X,X,3,3,2,3,3,3,X,X,3,3,3,2,3,3,3,X,X,3,3,3,2,3,3,3,X,X,3,3,3,2,3,3,3,X,X,3,3,3,2,3,3,3,X,X,3,3,3,2,3,3,3,X,X,3,3,3,2,3,3,3,X,X,3,3,3,2,3,3,3,X,X,3,3,3,2,3,3,3,X,X,3,3,3,2,3,3,3,X,X,3,3,3,3
4882,4,5,3,5,1,3,3,3,4,5,3,5,1,3,3,3,X,4,5,3,5,1,3,3,3,X,4,5,3,5,1,3,3,3,X,4,5,3,5,1,3,3,3,X,4,5,3,5,1,3,3,3,X,4,5,3,5,1,3,3,3,X,4,5,3,5,1,3,3,3,X,4,5,3,5,1,3,3,3,X,4,5,3,5,1,3,3,3,X,4,5,3,5,1,3,3,3,X,3,5
4883,3,3,4,4,4,4,3,4,4,4,3,3,3,5,4,4,4,4,4,4,4,4,4,3,3,3,3,4,3,4,4,3,2,4,3,4,3,3,4,4,3,3,5,3,4,4,X,3,3,3,4,4,4,4,3,4,4,4,3,3,3,5,4,4,4,4,4,4,4,4,4,3,3,3,3,4,3,4,4,3,2,4,3,4,3,3,4,4,3,3,5,3,4,4,X,3,4,4,3,3
4884,4,4,5,4,4,3,4,5,4,4,5,4,4,3,4,5,4,4,4,5,4,4,3,4,5,4,4,4,5,4,4,3,4,5,4,4,4,5,4,4,3,4,5,4,4,4,5,4,4,3,4,5,4,4,4,5,4,4,3,4,5,4,4,4,5,4,4,3,4,5,4,4,4,5,4,4,3,4,5,4,4,4,5,4,4,3,4,5,4,4,4,5,4,4,3,4,5,4,5,4
4885,5,1,1,1,1,1,1,1,5,1,1,1,1,1,1,1,1,5,1,1,1,1,1,1,1,1,5,1,1,1,1,1,1,1,1,5,1,1,1,1,1,1,1,1,5,1,1,1,1,1,1,1,1,5,1,1,1,1,1,1,1,1,5,1,1,1,1,1,1,1,1,5,1,1,1,1,1,1,1,1,5,1,1,1,1,1,1,1,1,5,1,1,1,1,1,1,1,1,1,1
4886,3,3,3,3,3,3,3,3,3,4,3,3,3,2,3,3,3,3,3,3,3,3,3,1,3,3,3,3,4,3,3,3,3,3,3,3,3,3,3,3,3,3,3,3,3,3,X,3,X,3,3,3,3,3,3,3,3,3,3,4,3,3,3,2,3,3,3,3,3,3,3,3,3,1,3,3,3,3,4,3,3,3,3,3,3,3,3,3,3,3,3,3,3,3,3,3,X,3,X,3
4887,X,5,4,3,2,4,5,5,2,5,5,5,5,5,5,5,5,5,5,5,5,5,4,3,5,5,5,5,5,5,5,5,5,5,5,5,5,5,5,5,5,X,5,4,3,2,4,5,5,2,5,5,5,5,5,5,5,5,5,5,5,5,5,4,3,5,5,5,5,5,5,5,5,5,5,5,5,5,5,5,5,5,5,4,3,5,5,5,5,5,5,5,5,5,5,5,5,5,5,5
4888,1,1,1,1,1,2,4,1,1,4,1,1,1,1,1,4,1,1,1,1,1,1,1,5,1,1,4,4,5,1,4,1,2,1,1,1,3,1,3,1,3,X,4,1,1,1,1,1,2,4,1,1,4,1,1,1,1,1,4,1,1,1,1,1,1,1,5,1,1,4,4,5,1,4,1,2,1,1,1,3,1,3,1,3,X,4,5,1,4,1,2,1,1,1,3,1,3,1,3,2
4889,5,5,2,3,5,2,2,1,2,2,2,2,2,3,2,2,2,2,2,1,2,2,2,2,2,2,2,3,2,4,2,3,2,5,2,2,2,5,2,5,2,2,2,2,2,X,2,X,2,5,5,2,3,5,2,2,1,2,2,2,2,2,3,2,2,2,2,2,1,2,2,2,2,2,2,2,3,2,4,2,3,2,5,2,2,2,5,2,5,2,2,2,2,2,X,2,X,2,2,5
4890,2,5,5,5,5,5,5,3,5,5,5,5,5,5,5,5,5,5,5,5,5,5,5,5,5,5,5,5,5,5,5,1,4,5,5,5,5,5,5,5,5,X,2,5,5,5,5,5,5,3,5,5,5,5,5,5,5,5,5,5,5,5,5,5,5,5,5,5,5,5,5,5,5,1,4,5,5,5,5,5,5,5,5,X,5,5,5,5,5,5,5,5,5,5,5,5,5,5,1,4
4891,5,4,4,4,4,4,5,4,4,4,4,4,4,4,4,4,4,4,4,4,4,X,5,4,4,4,4,5,4,5,4,4,4,4,4,4,5,4,4,4,4,5,4,4,4,X,4,5,4,4,4,4,4,5,4,4,4,4,4,4,4,4,4,4,4,4,4,4,X,5,4,4,4,4,5,4,5,4,4,4,4,4,4,5,4,4,4,4,5,4,4,4,X,4,5,4,4,4,4,5
4892,3,3,3,3,3,2,3,2,3,3,3,2,3,5,3,3,3,3,3,3,X,3,3,3,3,3,2,3,2,3,3,2,3,X,3,2,3,3,3,3,3,3,3,3,3,X,3,X,3,3,3,3,3,3,2,3,2,3,3,3,2,3,5,3,3,3,3,3,3,X,3,3,3,3,3,2,3,2,3,3,2,3,X,3,2,3,3,3,3,3,3,3,3,3,X,3,X,3,3,3
4893,X,5,5,5,5,5,1,3,5,5,3,2,5,5,5,1,3,5,1,5,4,5,5,1,2,3,5,5,5,5,5,5,5,3,2,5,5,1,4,5,5,5,1,5,3,5,X,X,X,X,X,5,5,5,5,5,1,3,5,5,3,2,5,5,5,1,3,5,1,5,4,5,5,1,2,3,5,5,5,5,5,5,5,3,2,5,5,1,4,5,5,5,1,5,3,5,X,X,X,X
4894,4,1,X,5,2,3,X,2,3,4,4,5,2,2,4,2,X,2,2,4,3,3,3,2,5,X,5,4,3,2,2,3,2,2,2,2,2,2,2,3,4,4,1,X,5,2,3,X,2,3,4,4,5,2,2,4,2,X,2,2,4,3,3,3,2,5,X,5,4,3,2,2,3,2,2,2,2,2,2,2,3,4,3,3,2,5,X,5,4,3,2,2,3,2,2,2,2,3,4,3
4895,3,2,3,X,5,X,3,3,3,2,3,X,5,X,3,3,3,3,2,3,X,5,X,3,3,3,3,2,3,X,5,X,3,3,3,3,2,3,X,5,X,3,3,3,3,2,3,X,5,X,3,3,3,3,2,3,X,5,X,3,3,3,3,2,3,X,5,X,3,3,3,3,2,3,X,5,X,3,3,3,3,2,3,X,5,X,3,3,3,3,2,3,X,5,X,3,3,3,3,X
4896,2,4,4,4,4,4,4,1,4,4,4,4,4,3,4,4,4,4,4,4,4,4,4,4,4,4,4,4,4,4,4,4,4,5,4,4,4,2,4,4,4,4,4,4,4,4,X,4,X,4,2,4,4,4,4,4,4,1,4,4,4,4,4,3,4,4,4,4,4,4,4,4,4,4,4,4,4,4,4,4,4,4,4,5,4,4,4,2,4,4,4,4,4,4,4,4,X,4,X,4
4898,X,X,X,4,1,3,3,X,1,X,3,1,1,5,1,1,4,4,X,X,1,5,X,3,5,4,3,X,3,2,4,3,3,X,1,4,4,1,3,X,X,4,4,5,X,X,3,X,X,X,4,1,3,3,X,1,X,3,1,1,5,1,1,4,4,X,X,1,5,X,3,5,4,3,X,3,2,4,3,3,X,1,4,4,1,3,X,X,4,4,5,X,X,3,X,3,5,4,3,X
4899,X,5,2,4,X,5,5,5,5,4,5,5,5,X,5,5,5,5,5,5,5,5,5,5,5,5,5,3,5,5,5,2,4,5,5,5,5,5,5,5,5,X,5,X,5,2,4,X,5,5,5,5,4,5,5,5,X,5,5,5,5,5,5,5,5,5,5,5,5,5,3,5,5,5,2,4,5,5,5,5,5,5,5,5,X,5,5,5,5,2,4,5,5,5,5,5,5,5,5,4
4900,4,2,X,4,5,2,X,2,X,4,4,2,4,X,X,X,X,X,X,2,X,X,4,3,X,X,3,4,4,2,X,2,5,4,2,2,X,X,X,X,X,X,X,X,4,2,X,4,5,2,X,2,X,4,4,2,4,X,X,X,X,X,X,2,X,X,4,3,X,X,3,4,4,2,X,2,5,4,2,2,X,X,X,X,X,X,X,X,2,X,X,X,X,X,X,X,X,X,2,5
4901,4,2,2,3,2,2,2,2,2,2,2,2,4,2,2,2,5,3,2,2,2,X,2,2,2,2,2,2,4,2,2,2,1,2,2,3,4,2,2,2,2,X,2,2,2,X,2,4,2,2,3,2,2,2,2,2,2,2,2,4,2,2,2,5,3,2,2,2,X,2,2,2,2,2,2,4,2,2,2,1,2,2,3,4,2,2,2,2,X,2,2,2,X,2,2,2,2,2,2,2
4902,1,5,4,X,1,X,1,5,5,1,5,4,5,5,1,5,5,5,5,5,1,2,1,2,2,4,1,5,1,1,1,3,1,5,5,1,5,1,5,1,1,1,5,4,X,1,X,1,5,5,1,5,4,5,5,1,5,5,5,5,5,1,2,1,2,2,4,1,5,1,1,1,3,1,5,5,1,5,1,5,1,1,2,1,2,2,4,1,5,1,1,1,3,1,5,5,5,1,1,2
4903,1,3,1,X,1,X,4,4,4,1,4,5,4,4,4,5,X,5,4,X,4,2,4,3,4,2,2,1,1,4,3,3,4,X,X,4,2,4,4,4,2,1,3,1,X,1,X,4,4,4,1,4,5,4,4,4,5,X,5,4,X,4,2,4,3,4,2,2,1,1,4,3,3,4,X,X,4,2,4,4,4,2,2,4,3,4,2,2,1,1,4,3,3,4,X,X,4,4,2,2
5076,3,3,3,3,3,5,3,3,3,3,3,3,5,3,2,3,1,5,3,3,1,3,3,3,4,3,3,3,3,3,3,3,3,3,5,5,3,3,3,3,2,3,3,3,4,3,3,3,3,5,3,3,3,3,2,3,3,3,3,3,1,3,3,3,3,3,3,5,3,X,3,3,3,3,3,3,3,3,3,X,3,3,3,3,3,3,3,3,3,3,3,3,3,3,3,3,3,3,2,3
5077,1,5,3,1,1,3,1,1,1,1,1,3,1,1,1,1,1,2,1,1,1,1,1,1,1,4,1,1,1,1,1,1,1,3,5,1,1,1,3,1,3,1,1,1,1,2,1,1,1,3,4,1,1,3,5,1,1,1,4,1,1,1,1,1,1,1,1,1,1,1,1,3,1,1,1,1,1,1,1,1,1,1,1,1,1,1,1,1,1,1,1,1,1,1,1,1,1,1,1,1
5078,1,1,4,1,1,1,3,2,1,3,4,1,4,4,4,1,1,1,1,3,1,5,1,1,5,1,1,4,2,1,5,2,2,2,2,3,3,1,1,1,1,1,1,2,5,1,2,1,1,1,3,1,4,1,1,2,3,5,5,5,5,5,5,5,5,5,5,1,1,1,1,1,4,5,1,4,1,1,1,1,1,4,1,1,1,1,1,1,1,1,1,1,5,2,1,1,1,1,1,1
5079,5,5,5,5,5,5,5,5,5,5,5,5,5,5,5,5,5,5,5,5,5,5,5,5,5,5,5,5,5,5,5,5,5,3,5,5,5,5,5,5,5,5,5,5,5,5,5,5,5,5,5,5,5,5,5,4,1,4,4,4,4,4,4,4,5,5,5,5,5,5,5,5,5,5,5,2,5,5,5,5,5,5,5,5,5,5,5,5,5,5,5,5,5,5,5,5,5,5,5,5
5080,4,4,4,4,4,4,4,4,4,4,4,1,4,4,1,4,4,2,4,4,1,5,4,4,1,4,4,4,4,4,5,4,4,4,4,2,4,4,4,4,4,4,1,4,4,4,4,4,4,4,4,4,4,4,4,5,3,5,1,5,5,5,5,5,4,4,4,3,4,4,1,4,1,4,4,4,4,4,4,4,4,4,4,4,4,4,4,4,4,4,1,4,1,4,4,4,4,4,4,4
5081,5,5,1,5,5,5,2,2,5,5,5,5,2,1,1,5,5,4,5,5,5,5,5,5,5,5,1,5,5,5,4,5,3,5,5,5,5,5,2,1,5,5,5,5,5,5,5,1,5,5,1,5,5,5,5,3,3,3,3,3,3,3,3,3,2,1,5,5,5,5,5,5,5,5,5,3,3,5,5,5,1,5,5,1,5,5,5,5,5,5,5,5,5,1,5,5,5,3,5,5
5082,4,5,4,4,4,4,4,4,1,1,4,1,1,4,4,4,4,1,4,4,4,2,4,4,4,4,3,4,4,3,4,5,4,4,1,1,4,4,4,5,1,4,4,4,4,4,4,4,4,1,1,4,1,4,4,4,4,4,1,4,4,1,4,4,5,4,1,5,4,X,4,4,4,1,4,4,1,4,4,4,1,4,2,4,4,4,X,4,4,4,4,4,4,4,4,4,4,4,3,4
5083,3,5,2,1,2,2,5,1,2,1,3,2,3,4,5,1,1,5,2,2,2,2,5,2,1,5,2,2,5,1,5,2,1,1,1,2,2,2,1,5,5,2,5,2,2,5,3,1,2,2,2,2,1,5,5,2,2,2,2,2,5,1,2,5,3,3,1,5,4,X,2,3,1,2,2,2,2,2,2,X,2,2,3,2,2,2,X,1,2,2,5,2,2,2,2,2,3,1,4,2
5084,2,2,2,4,2,3,2,4,5,5,3,2,2,5,2,5,5,5,2,2,3,2,2,2,2,4,2,2,2,5,3,5,5,2,4,2,5,2,5,2,2,2,4,4,2,2,2,4,2,3,2,4,5,5,3,2,2,5,2,5,5,5,2,2,3,2,2,2,2,4,2,2,2,5,3,5,5,2,4,2,5,2,5,2,2,2,4,4,2,5,2,5,2,2,2,4,4,3,5,5
5085,4,4,4,4,4,4,4,4,4,4,4,4,4,4,3,4,4,4,4,4,4,4,4,4,3,2,4,4,4,5,4,4,4,5,4,4,4,5,5,1,5,4,4,4,4,4,4,4,4,5,4,4,4,4,4,4,4,4,2,4,4,4,2,4,4,4,4,4,4,X,4,4,4,4,4,4,3,4,4,4,5,4,4,4,4,4,4,4,4,4,4,4,4,4,4,4,4,4,4,4
5086,4,1,1,4,4,1,4,1,5,5,1,4,4,4,1,1,1,4,4,4,3,1,1,4,1,5,1,4,4,1,5,1,1,5,4,4,4,4,4,4,4,1,4,4,1,4,1,5,1,1,1,2,1,4,4,4,1,4,2,1,2,2,2,2,2,1,4,5,3,2,1,1,1,1,1,4,1,2,1,1,4,4,4,1,3,1,4,4,1,5,1,5,1,1,4,4,3,4,1,5
5087,1,4,3,2,3,1,4,2,2,5,4,1,2,4,2,3,1,1,2,3,4,2,3,5,2,4,3,2,3,1,4,3,1,5,4,2,5,4,4,2,2,1,3,4,1,1,2,2,3,2,1,4,2,2,1,5,4,4,4,2,4,4,4,4,5,3,1,1,1,2,4,2,2,2,5,3,2,4,1,2,3,2,2,2,1,2,5,2,4,3,4,1,5,2,4,3,4,1,5,2
5088,3,3,3,3,3,3,3,2,3,3,3,5,3,2,3,3,3,3,3,3,3,3,3,3,3,3,3,3,3,4,3,3,3,3,3,3,3,3,3,3,3,5,5,3,3,3,3,3,3,3,3,3,3,3,1,3,2,3,3,3,3,3,5,3,3,3,3,3,3,3,3,3,3,3,2,3,3,3,3,3,3,3,3,3,3,3,3,3,3,3,3,3,3,3,3,3,3,3,3,3
5089,3,3,3,3,3,3,3,3,3,3,3,5,3,5,3,3,3,3,3,3,1,3,3,3,3,3,3,3,2,3,3,3,3,3,3,3,3,3,3,3,3,3,1,3,3,3,3,1,3,3,3,3,1,3,2,3,3,3,3,3,5,2,3,3,3,3,3,3,3,3,3,3,4,3,5,3,1,3,3,3,3,3,3,3,4,3,3,1,3,3,3,3,3,3,3,4,3,3,3,4
5090,5,4,4,5,4,4,4,4,4,5,4,4,4,4,4,4,4,4,4,4,4,5,4,4,4,4,2,4,4,4,4,2,5,4,4,4,4,4,4,4,4,2,4,4,4,4,4,5,4,2,4,4,4,4,5,1,1,1,1,1,1,1,1,1,4,4,4,4,4,4,4,4,4,4,4,4,4,4,2,5,4,4,5,4,4,4,4,4,2,3,4,4,3,4,4,4,4,2,5,4
5091,3,3,3,3,3,3,3,3,3,3,3,3,3,1,3,3,3,5,3,3,3,1,3,3,1,3,3,3,3,4,3,3,3,1,3,3,3,1,3,3,3,3,3,3,3,3,3,3,3,3,3,3,5,3,3,3,3,2,5,4,5,3,5,1,5,5,5,3,2,3,3,3,3,3,3,3,3,3,3,3,3,3,3,3,3,3,3,3,3,3,3,3,3,3,3,3,4,3,3,3
5092,1,1,1,1,1,1,1,1,1,1,1,1,1,1,1,1,1,1,1,1,1,1,1,1,1,1,1,1,1,1,1,1,1,1,1,1,1,1,1,1,1,1,1,1,1,1,1,1,1,1,1,1,1,1,1,4,4,4,4,4,3,4,4,3,3,1,1,1,1,1,1,1,1,1,1,4,4,1,1,1,1,1,1,1,1,1,1,1,1,4,3,4,1,1,1,1,1,4,1,1
5093,4,1,5,5,5,5,2,5,5,5,4,5,5,4,5,5,4,5,5,5,5,5,5,5,4,5,2,5,5,5,4,4,5,2,5,4,5,4,5,5,5,4,5,4,5,5,5,5,1,5,4,4,5,5,5,2,2,2,2,2,5,2,3,2,5,5,5,5,5,5,5,5,5,5,5,4,5,5,1,5,5,5,5,5,4,5,5,5,3,5,5,5,5,5,3,5,5,5,5,5
5094,4,5,2,4,4,4,3,3,4,3,4,4,5,4,2,4,4,4,4,3,1,4,4,5,4,4,4,4,4,4,3,3,4,4,2,4,4,4,4,4,4,4,4,4,4,5,4,4,4,4,4,4,4,4,2,3,3,3,3,3,3,3,2,5,5,4,4,4,4,4,4,4,4,4,2,1,4,4,4,4,4,4,4,4,4,3,4,4,4,4,2,4,4,4,4,3,4,4,4,4
5095,3,3,3,3,3,3,3,1,3,3,3,2,3,3,3,3,2,3,3,4,3,3,4,3,3,3,3,3,3,3,5,3,3,3,3,2,3,3,3,2,2,3,2,3,3,3,3,3,5,2,3,3,2,3,3,3,3,3,3,3,2,3,2,3,3,3,3,3,2,3,3,3,3,3,3,3,3,4,3,3,3,3,3,5,3,2,3,3,4,3,3,3,3,3,5,3,2,3,3,3
5096,2,2,2,2,3,2,4,2,2,5,2,2,2,2,1,2,2,4,2,2,2,2,2,1,3,4,2,2,2,4,3,2,2,2,2,2,2,5,2,2,2,2,2,2,2,2,2,2,2,2,2,2,2,2,2,4,2,4,2,2,2,4,4,2,2,2,2,2,2,2,2,2,2,2,3,2,2,2,2,5,2,2,2,2,2,2,2,1,2,3,2,2,2,2,2,2,2,2,5,2
5097,2,3,2,4,1,2,2,2,2,2,4,4,2,4,4,2,2,4,2,2,2,2,2,2,2,4,2,2,2,2,2,2,2,2,2,4,4,2,2,2,2,2,4,2,4,4,2,2,2,2,2,4,2,4,2,3,1,5,3,1,1,5,1,1,3,2,2,2,2,2,2,2,2,2,4,1,4,5,2,2,2,2,2,4,2,2,2,2,2,4,3,4,2,4,2,2,2,4,5,2
5098,3,1,3,3,1,3,3,3,1,3,1,5,3,3,3,3,1,3,3,1,2,3,1,3,1,5,3,3,1,3,1,4,2,4,5,3,1,1,5,3,5,1,5,5,1,3,3,1,3,1,4,3,4,5,2,2,4,2,3,3,2,2,5,3,3,3,3,3,2,3,1,3,3,1,2,1,3,5,3,3,3,3,3,5,3,1,2,3,4,4,3,3,3,5,3,1,2,3,4,4
5099,2,2,4,5,2,4,2,2,2,2,5,2,2,4,2,2,4,2,2,2,4,2,3,2,2,2,2,2,1,2,3,2,2,2,2,2,2,1,2,2,2,2,2,2,2,2,2,4,2,2,2,2,2,2,4,2,3,3,2,2,5,3,4,2,2,2,2,2,3,2,3,2,2,2,4,2,4,2,2,2,1,4,2,2,3,2,2,4,2,2,2,1,4,2,2,3,2,3,2,2
5100,5,5,5,5,3,5,5,3,5,3,5,3,3,4,5,5,5,3,5,5,5,5,5,1,5,5,5,5,5,2,5,5,5,5,3,4,3,5,3,5,3,5,5,5,5,2,1,3,5,5,5,5,5,5,4,3,5,3,5,3,5,5,5,3,5,5,3,1,5,5,3,3,5,5,4,5,5,5,5,5,5,5,5,3,5,5,3,5,3,4,3,5,5,3,5,3,4,3,3,5
5101,4,1,4,4,4,4,5,4,1,4,4,4,4,1,4,4,4,1,4,4,4,4,4,4,4,4,1,1,4,1,4,4,4,4,4,4,4,4,4,4,4,4,5,4,1,4,4,4,4,4,4,4,4,4,4,1,1,1,2,2,1,1,2,2,4,4,4,4,4,4,4,1,5,4,4,1,2,3,4,4,4,4,4,4,4,4,4,4,5,5,3,2,4,4,4,4,4,2,3,4
5102,3,3,3,3,3,3,3,2,1,3,3,3,3,2,3,3,3,3,3,3,2,3,3,1,3,5,3,4,3,4,5,3,3,3,2,3,3,3,3,3,4,3,3,2,3,2,3,4,3,3,3,1,3,3,4,3,2,3,2,3,3,3,3,4,3,3,3,3,3,X,3,3,3,3,3,3,3,3,3,3,3,3,3,X,3,3,X,3,3,3,3,3,3,3,3,3,3,3,3,3
5103,4,4,4,4,4,4,1,4,4,4,5,4,4,3,4,4,4,4,5,4,3,4,4,4,4,4,4,4,4,4,4,3,4,4,4,5,4,4,4,4,4,5,4,4,4,4,4,4,4,3,4,4,4,5,4,4,4,4,4,4,1,4,4,5,1,4,4,4,4,X,3,3,4,4,1,4,4,4,3,4,4,4,4,X,4,4,X,4,4,4,4,4,1,1,2,4,4,4,4,4
5104,1,1,1,4,1,1,1,4,1,1,1,1,1,1,4,1,5,1,1,1,4,1,1,1,1,1,1,4,1,1,1,1,1,4,1,1,2,1,1,2,2,2,1,1,2,1,1,1,1,1,1,1,2,1,1,1,4,1,1,1,1,1,1,4,1,1,4,1,1,X,1,1,1,1,1,1,2,1,1,X,1,1,1,1,1,1,1,1,1,1,1,1,1,1,1,1,1,1,1,1
5105,5,1,1,2,5,5,2,5,5,4,1,5,5,5,2,5,2,2,1,5,2,1,2,1,1,5,5,5,5,5,3,3,5,4,5,4,5,5,4,1,1,5,5,2,4,5,3,1,5,5,5,5,3,4,5,5,5,4,4,4,4,4,1,4,4,4,4,5,5,5,5,5,1,1,5,5,5,5,5,5,5,5,5,5,3,5,5,5,5,4,5,4,5,5,5,4,2,5,5,4
5106,5,5,5,2,5,5,5,5,5,5,5,5,5,5,5,5,5,5,5,5,5,5,5,5,5,5,5,5,5,5,4,5,5,5,4,5,5,5,5,4,5,5,5,5,2,5,5,5,5,5,5,5,5,5,5,5,5,1,3,3,3,2,3,3,3,3,3,5,3,2,5,5,5,5,5,5,5,1,5,5,5,4,5,5,5,5,5,5,5,5,5,5,5,5,5,2,3,5,5,5
5107,5,4,1,1,1,1,1,1,1,5,1,1,5,3,5,1,1,1,1,5,1,1,1,1,3,1,1,1,1,3,1,1,1,5,1,1,1,1,1,4,1,1,5,1,1,3,1,1,2,1,5,5,1,5,2,4,3,1,3,4,2,3,1,3,1,1,5,1,5,1,1,5,1,1,1,4,1,5,5,1,1,1,1,1,1,1,1,5,1,1,3,5,2,5,1,1,3,5,2,5
5108,4,1,2,4,5,2,2,2,2,2,2,3,4,2,2,2,2,2,2,2,5,1,2,2,2,2,2,3,4,1,1,4,2,2,2,1,2,2,2,2,2,2,2,2,2,1,2,2,2,2,2,2,4,2,4,2,2,2,4,2,2,2,2,4,1,2,2,2,2,X,2,2,2,4,2,2,2,2,2,2,2,2,2,2,2,4,2,X,2,3,3,2,2,2,2,2,2,3,3,2
5109,5,2,2,2,2,2,2,3,2,2,2,2,2,2,4,5,2,2,2,2,2,2,2,2,3,2,5,3,2,2,5,2,4,2,3,2,4,3,5,2,2,4,1,2,5,2,2,2,2,4,2,5,2,2,5,4,4,1,4,4,2,4,4,4,3,3,4,2,2,2,2,2,2,5,4,2,3,2,2,5,2,2,2,2,2,2,2,1,2,4,2,5,3,2,2,3,2,2,5,2
5110,1,4,4,4,4,4,5,2,4,4,4,4,4,4,2,4,4,1,4,4,4,4,4,4,4,4,4,2,4,4,1,4,4,2,2,1,4,2,4,4,4,4,4,1,4,4,4,4,4,4,4,5,4,2,4,5,5,5,5,5,3,5,5,5,4,4,2,4,4,4,4,4,2,4,4,5,4,1,4,4,4,4,4,2,4,4,4,4,5,4,3,2,4,2,4,4,4,4,1,4
5111,3,3,3,2,4,3,4,3,3,3,3,3,3,3,3,4,3,3,3,3,3,3,3,3,3,3,3,3,3,5,3,1,3,3,4,3,3,3,3,3,3,3,3,3,3,3,3,5,3,3,3,3,3,3,3,3,1,3,3,3,3,3,3,5,3,5,3,3,3,3,3,3,3,3,5,3,3,1,5,5,3,3,3,3,3,4,3,1,1,2,3,3,4,3,1,1,2,3,3,3
5112,4,5,4,4,4,4,4,5,4,4,4,4,4,5,4,5,5,3,4,4,4,4,5,4,4,4,3,4,4,4,4,4,4,5,4,4,4,4,4,4,4,4,4,4,4,4,4,4,4,4,4,3,4,4,3,2,2,3,2,2,3,2,2,4,4,4,4,4,4,4,4,4,4,4,4,5,4,5,4,4,4,4,4,4,4,4,3,5,4,5,2,4,4,4,4,4,3,5,4,5
5113,3,2,3,3,2,5,5,4,5,5,2,3,3,1,5,3,5,5,5,4,5,5,5,4,5,5,5,3,5,2,4,2,3,5,1,3,1,4,5,5,5,4,4,5,3,5,5,3,5,4,5,5,4,5,3,5,4,3,5,3,5,5,5,3,3,5,1,5,5,5,5,5,2,5,4,5,5,5,5,1,4,3,5,5,4,2,5,5,5,5,1,4,3,5,5,4,2,5,5,2
5114,3,5,4,5,5,5,5,5,5,5,4,5,5,1,5,5,5,5,5,5,4,5,5,5,5,5,5,5,5,5,5,3,3,5,5,5,5,5,3,4,2,3,4,5,4,3,5,5,5,5,5,5,3,5,5,5,3,2,5,3,5,5,3,5,2,5,5,5,3,5,5,5,5,5,3,5,5,5,5,5,3,3,3,5,2,4,5,5,5,5,5,3,3,3,5,2,4,5,5,5
5115,4,4,4,4,4,4,4,4,4,3,3,4,4,4,4,4,4,4,4,2,4,4,3,4,4,4,3,4,4,3,4,4,4,4,4,4,5,4,4,3,4,4,5,4,4,4,4,4,3,4,4,4,4,4,4,5,5,5,5,3,3,5,3,2,3,4,4,4,4,4,3,4,4,4,4,4,3,4,5,4,3,4,4,4,4,4,4,4,4,3,3,4,4,4,4,3,3,4,4,4
5116,2,4,2,5,5,4,4,4,2,5,4,4,5,2,2,4,2,2,3,1,4,2,2,2,4,2,2,4,1,2,4,2,4,4,2,3,3,4,4,2,5,2,4,2,2,4,4,2,5,2,2,4,4,5,2,4,2,5,5,2,2,2,4,5,4,3,4,4,2,5,2,4,4,2,4,2,2,4,2,2,1,2,2,2,4,2,3,2,2,4,2,4,2,3,2,2,4,2,4,4
5117,3,3,3,2,3,1,3,4,3,3,3,5,3,3,3,3,1,3,3,3,1,2,3,3,3,4,3,3,3,3,4,3,3,1,4,3,3,3,3,3,3,4,3,3,3,1,3,5,3,1,3,3,3,3,3,3,3,3,3,3,4,5,3,3,3,3,4,3,3,X,3,3,3,3,3,3,1,3,3,X,3,3,3,X,4,3,X,3,3,3,3,2,3,5,5,1,3,5,5,1
5118,3,2,2,2,2,1,2,2,3,2,2,2,2,2,2,2,2,2,2,2,3,2,5,2,2,2,2,2,2,2,2,5,2,3,5,2,3,2,2,2,2,2,2,2,2,2,2,2,2,2,2,2,2,2,2,2,2,2,2,2,2,2,2,3,2,2,2,2,2,X,5,5,2,2,2,2,2,2,3,2,2,2,1,2,2,3,3,2,2,2,2,2,2,2,2,3,2,2,2,2
5119,2,3,3,2,2,3,2,2,3,2,2,2,3,3,3,2,2,3,3,3,1,2,2,2,3,3,2,3,2,2,2,2,3,2,3,3,2,2,3,2,2,3,2,2,3,2,2,3,3,2,3,2,3,2,2,3,2,2,3,2,2,2,2,3,2,2,2,2,3,2,2,3,2,3,2,2,2,2,2,2,2,3,2,5,5,5,2,2,2,2,2,2,3,2,5,5,5,2,3,2
5120,4,1,1,3,1,1,3,5,1,1,3,3,1,1,5,1,1,1,3,1,5,1,1,3,4,1,4,1,1,1,1,4,2,3,4,1,4,1,4,1,1,1,1,4,4,3,1,1,1,1,1,1,1,4,1,1,1,1,1,5,1,1,1,5,1,1,5,4,4,1,2,1,1,3,1,1,1,1,1,1,1,3,5,1,2,5,1,1,1,1,1,1,1,4,1,1,4,4,1,1
5121,3,3,3,4,5,3,2,3,5,3,3,3,3,3,1,3,3,2,3,3,1,3,3,3,3,3,3,3,3,3,3,1,1,3,3,3,3,5,3,2,3,3,5,3,3,3,3,4,5,3,4,3,3,3,3,5,3,2,5,2,1,2,3,2,3,3,3,4,3,3,3,1,5,3,3,3,3,3,3,5,3,2,3,3,3,3,3,5,3,3,3,5,4,3,3,3,3,3,5,3
5122,5,5,2,5,5,2,2,2,5,2,5,2,2,2,2,2,2,2,5,2,5,5,2,2,2,2,5,2,5,2,2,2,5,2,2,2,2,3,2,3,2,5,2,2,2,5,2,2,2,5,2,2,2,4,2,5,5,5,4,5,4,4,4,4,2,2,5,2,2,2,2,2,2,2,2,4,2,3,2,5,2,2,5,4,2,2,2,5,2,3,4,5,5,4,2,2,2,2,3,2
5123,2,5,1,5,1,1,1,2,1,2,5,2,2,1,1,2,2,1,1,4,2,1,1,2,1,2,2,1,2,1,4,2,1,2,2,1,2,2,1,2,1,4,1,2,1,1,2,2,2,1,1,1,1,5,2,2,2,2,3,2,5,2,5,5,4,1,1,1,4,2,4,2,1,1,4,5,1,3,2,1,1,1,4,2,4,1,3,2,4,4,1,1,4,2,4,1,3,2,4,4
5124,5,2,4,5,5,5,5,3,5,5,5,4,5,5,5,5,5,5,5,5,5,5,5,5,5,5,5,1,5,5,5,4,3,5,4,5,2,4,4,5,4,5,5,5,4,5,5,5,1,5,5,5,5,5,5,1,4,4,4,1,5,4,5,4,5,1,5,5,5,4,5,5,5,5,4,5,5,5,5,5,5,4,5,5,4,5,5,3,5,3,5,4,3,5,5,5,5,5,5,5
5125,1,2,4,4,4,4,5,5,4,3,4,4,4,4,4,2,3,5,4,5,4,4,5,3,4,4,4,4,4,2,4,4,4,5,4,3,1,4,4,4,4,3,5,4,5,1,4,4,4,5,4,3,4,4,4,5,2,2,2,2,2,2,4,1,3,4,4,3,4,1,4,3,5,4,4,4,4,4,3,4,4,4,4,4,4,4,4,3,3,4,3,4,5,3,3,4,3,4,5,3
5126,2,3,3,2,5,2,3,3,3,5,1,3,5,3,5,3,3,3,3,3,5,4,3,3,3,5,3,3,3,3,3,3,3,2,3,5,3,5,2,3,1,3,5,3,2,5,4,3,3,3,3,3,3,3,3,3,4,5,3,3,2,3,3,5,5,3,4,3,3,X,3,4,5,3,3,3,3,5,3,3,3,3,3,X,3,3,X,4,3,3,X,3,5,1,3,3,3,5,2,2
5127,5,1,5,4,4,5,5,5,5,4,4,5,4,4,2,5,4,2,3,5,4,1,4,5,5,5,4,5,5,4,4,1,4,5,4,2,3,4,5,4,4,4,4,3,4,5,5,4,5,5,5,5,5,4,4,5,3,5,4,5,4,5,5,5,2,3,5,1,4,X,5,2,5,5,5,4,4,4,3,5,5,5,5,5,1,5,5,5,4,5,5,4,4,5,X,3,X,5,5,4
5128,1,5,5,5,5,5,5,5,5,5,5,5,5,5,5,5,3,1,5,5,4,5,5,4,5,5,5,5,4,5,5,5,5,2,5,3,1,5,5,5,5,5,5,5,5,5,5,5,5,1,5,5,4,3,1,5,5,3,5,4,4,4,4,5,4,5,4,4,4,4,5,5,5,5,5,5,5,5,5,5,5,5,5,5,5,5,5,3,5,5,5,5,5,3,5,4,3,3,5,5
5129,3,3,3,3,3,3,1,1,1,1,3,1,3,3,3,3,5,3,1,3,5,1,3,5,5,3,1,3,1,4,3,3,1,1,3,1,3,3,1,3,3,3,3,3,1,5,3,1,3,1,5,3,1,3,3,1,1,1,1,1,3,1,1,1,3,3,3,3,1,3,1,3,3,3,3,3,3,3,1,1,3,1,1,3,3,3,1,1,1,3,3,3,3,1,1,3,3,3,3,1
5130,1,1,1,1,1,3,1,1,1,1,1,1,1,1,2,1,1,3,3,1,1,2,1,1,1,1,1,1,1,1,2,1,1,1,1,1,1,1,1,1,1,1,1,1,1,1,1,1,1,1,1,1,1,1,1,4,4,4,4,5,3,4,4,5,1,2,2,1,1,1,1,1,1,1,1,1,1,1,1,1,1,1,1,1,1,1,1,3,1,3,1,5,5,1,1,1,1,1,1,1
5131,3,3,4,4,4,4,4,3,4,4,4,1,4,3,4,5,4,3,4,4,5,3,1,4,4,4,4,4,4,4,4,4,3,4,4,4,4,3,4,4,4,4,4,4,5,5,4,4,4,4,4,4,4,4,4,4,3,4,4,5,4,4,4,4,1,5,4,3,5,4,4,4,4,4,4,4,4,4,3,4,4,3,5,X,4,4,X,5,4,4,4,5,4,4,1,4,4,4,4,4
5132,2,2,2,2,2,2,2,2,2,2,2,2,2,2,4,2,1,2,1,2,3,2,1,2,2,2,2,2,2,2,2,3,2,2,2,2,2,2,2,2,2,2,2,2,3,2,2,2,2,2,2,2,2,5,2,2,2,2,1,2,2,2,2,2,1,2,3,3,1,X,2,2,2,2,2,2,2,2,2,2,2,3,4,1,2,2,2,2,4,2,2,2,2,2,X,2,3,2,2,2
5133,5,3,5,5,4,5,1,5,5,5,5,5,5,2,5,2,5,5,5,5,3,4,4,5,5,5,5,5,5,5,4,5,5,5,3,5,5,5,5,2,2,5,5,1,5,5,5,5,1,5,5,5,2,4,5,5,5,3,1,3,1,3,3,3,1,3,3,5,5,5,5,5,5,1,5,1,5,5,2,2,5,4,5,5,2,5,5,5,3,5,5,5,2,5,5,4,4,5,5,5
5134,3,5,5,5,5,5,5,4,5,5,5,5,2,4,4,5,5,5,5,4,5,5,5,5,5,2,3,5,5,3,1,1,3,5,2,1,5,1,5,5,5,5,5,5,5,4,5,5,5,5,2,5,5,5,5,1,4,2,4,1,2,1,4,1,3,5,2,4,2,5,5,5,5,5,5,5,5,5,5,5,5,5,5,5,5,5,5,4,5,5,3,4,5,4,5,5,3,4,5,4
5135,1,5,4,1,2,1,2,5,4,1,3,3,1,5,1,3,3,5,1,1,5,2,1,1,5,1,4,4,1,4,1,1,3,1,2,1,1,5,2,1,1,4,3,1,3,1,5,1,1,4,1,1,1,1,1,1,5,5,5,1,5,4,4,1,5,4,5,4,1,4,3,1,2,2,4,1,1,2,1,5,1,2,4,4,4,1,2,3,1,4,1,5,5,1,1,1,2,1,5,1
5136,4,2,2,2,4,2,2,2,2,2,5,2,2,2,2,5,2,4,2,2,4,2,2,2,2,2,2,2,2,2,2,2,2,2,2,5,2,2,2,2,2,2,2,2,2,2,2,2,2,2,5,2,2,2,2,1,1,1,1,1,3,1,1,4,3,2,2,2,2,2,2,2,2,2,2,1,2,4,2,2,2,2,2,2,2,2,2,2,2,4,4,4,2,2,2,2,2,2,4,2
5137,5,4,5,2,5,2,5,1,5,5,5,2,5,2,5,3,4,5,5,4,5,5,5,2,5,5,5,4,5,5,4,2,5,5,5,5,5,5,3,5,5,4,5,5,5,5,5,5,2,5,5,5,5,5,1,1,1,1,1,1,1,1,4,3,5,5,5,5,5,5,5,5,5,5,1,4,5,5,5,5,5,5,2,5,2,5,3,5,4,4,5,5,2,5,2,5,3,5,4,4
5138,4,1,1,3,1,1,1,1,1,1,1,1,1,1,1,1,5,1,1,4,1,1,1,1,1,1,1,1,5,1,5,1,1,1,1,1,1,1,1,1,4,1,1,1,2,1,4,3,1,1,1,1,1,1,1,1,1,1,1,1,4,2,1,4,1,1,1,1,1,1,1,1,1,1,1,1,2,1,1,5,1,3,1,5,3,3,1,2,1,1,5,1,3,1,5,3,3,1,1,1
5139,3,3,3,3,3,3,1,3,3,3,3,3,3,3,3,3,4,3,3,3,3,3,1,3,3,3,3,3,3,3,3,3,3,3,3,3,3,3,2,3,3,3,3,3,3,3,3,3,3,3,3,3,3,3,4,3,3,3,3,2,3,3,2,3,3,3,3,3,3,3,3,3,3,3,3,3,3,3,3,3,4,3,3,3,3,2,3,2,3,3,3,3,2,3,2,3,3,3,3,3
5140,4,4,4,4,4,4,4,4,4,4,4,4,4,4,5,4,5,4,4,4,4,4,4,4,4,4,4,5,4,1,4,4,4,4,4,4,4,4,4,4,4,4,4,4,4,4,4,4,4,4,4,4,5,4,5,1,4,4,4,5,4,5,4,3,4,2,4,4,5,4,4,4,4,4,4,4,4,4,5,4,4,4,4,4,4,4,4,1,4,2,4,4,4,4,1,4,2,4,4,4
5141,4,4,4,4,2,4,4,4,4,4,5,4,4,5,4,4,5,5,5,4,3,4,4,4,4,4,5,4,4,5,4,4,4,4,4,4,4,4,4,4,4,4,4,4,5,4,4,4,4,5,4,4,4,4,4,4,4,5,4,5,5,5,4,5,4,4,4,4,4,4,5,4,4,4,4,5,5,4,5,4,4,4,4,4,4,4,4,3,4,5,2,2,4,4,4,4,4,5,4,5
5142,1,5,5,5,5,5,5,1,5,5,5,5,5,1,5,5,5,5,5,5,5,5,5,5,5,5,5,5,5,5,1,5,1,5,5,5,4,5,5,5,5,5,5,3,1,5,5,5,5,5,5,5,5,5,2,2,2,2,2,5,2,2,2,5,5,5,5,5,5,5,5,5,5,5,4,4,5,5,5,5,5,5,5,5,5,5,3,5,4,3,5,5,5,5,5,5,3,5,4,3
5143,2,1,2,3,2,2,2,2,2,2,4,2,2,2,2,2,2,2,2,3,2,3,1,1,2,5,2,2,2,5,2,4,1,2,2,4,4,2,2,2,3,2,2,2,5,2,1,2,1,4,2,2,2,2,2,2,2,5,2,2,2,4,2,2,2,2,2,2,4,2,2,2,2,2,2,2,2,2,2,5,2,3,2,5,3,1,2,2,2,2,5,2,3,2,5,3,1,2,2,2
5144,3,1,2,2,2,2,2,2,2,2,2,2,4,2,2,2,4,3,2,4,2,3,2,5,2,4,2,2,2,2,3,2,2,2,2,2,2,2,2,2,2,2,4,4,2,2,2,2,2,2,2,2,2,2,2,4,2,2,2,2,2,2,2,2,2,2,2,2,2,2,2,2,2,2,2,4,2,2,2,2,2,2,2,2,2,2,2,2,3,3,2,2,2,2,2,3,3,2,2,2
5145,3,3,3,5,5,3,3,3,3,5,3,3,1,5,3,3,3,3,3,3,5,3,3,3,3,1,4,3,3,3,3,2,3,3,2,4,3,3,3,3,5,3,3,3,3,3,3,4,3,3,3,3,3,3,5,3,3,3,3,5,3,4,3,2,3,4,3,3,3,3,3,3,1,2,3,3,3,3,4,2,2,3,3,3,3,4,3,1,3,2,3,3,4,3,1,3,2,3,3,1
5146,1,3,3,3,3,3,1,3,3,3,3,3,3,5,4,3,3,2,3,3,3,3,3,3,3,3,2,3,3,3,3,1,5,3,3,3,3,3,3,3,3,3,3,3,3,3,2,3,3,3,4,3,3,3,4,3,3,3,3,1,3,3,3,3,3,1,3,3,3,3,3,3,5,4,3,3,2,3,3,3,3,3,3,3,3,2,3,3,3,3,1,5,3,3,3,3,3,3,3,3
5147,4,4,4,3,4,1,4,4,5,4,4,4,4,4,4,4,2,4,4,4,4,4,2,4,4,4,4,4,4,4,5,4,4,4,4,3,4,4,4,4,4,4,4,4,4,4,4,5,4,5,4,5,3,4,4,4,3,4,1,4,4,5,4,4,4,4,4,4,4,2,4,4,4,4,4,2,4,4,4,4,4,4,4,5,4,4,4,4,3,4,4,4,4,4,4,4,4,4,4,4
5148,4,4,2,2,2,2,2,4,2,2,2,2,4,2,4,2,2,3,2,2,2,1,1,2,2,2,2,2,2,2,2,2,1,4,4,3,2,1,2,2,4,2,2,2,2,4,2,2,2,2,2,1,2,2,2,2,2,1,4,2,2,2,2,4,2,2,5,2,4,2,2,4,2,2,4,2,2,4,2,2,2,2,5,X,2,X,2,4,1,2,2,2,X,1,2,4,2,4,4,3
5149,3,4,2,5,5,3,1,4,3,5,3,4,3,4,4,5,3,4,3,3,2,3,4,3,1,5,3,4,3,3,3,5,1,4,1,5,5,3,3,4,3,5,3,3,3,4,3,4,3,3,3,3,5,3,1,5,3,3,5,5,5,3,3,4,1,3,4,2,X,X,3,3,5,1,4,5,3,3,3,X,2,3,2,3,3,3,3,3,4,5,5,3,2,3,3,3,1,5,5,3
5150,4,4,4,4,4,4,4,4,4,4,4,4,4,4,4,4,4,4,4,4,4,4,4,4,4,4,4,4,4,4,4,4,4,4,1,4,4,4,1,4,4,4,4,4,4,4,4,4,4,4,4,4,4,4,4,4,4,4,4,4,4,4,4,4,4,4,4,4,4,4,4,4,4,4,4,4,4,4,1,4,4,4,1,4,4,4,4,4,4,4,4,1,4,4,4,4,4,4,4,4
5151,5,5,5,4,4,5,3,2,5,5,5,1,4,4,4,5,5,4,5,5,5,5,5,5,5,5,1,5,4,5,4,5,1,3,5,5,5,1,5,5,5,4,1,4,5,5,5,4,4,5,5,5,5,5,5,4,5,1,4,4,5,1,5,5,5,5,4,4,5,3,2,5,5,5,1,4,4,4,5,5,4,5,5,5,5,5,5,5,5,1,5,4,5,4,5,1,3,5,5,5
5152,3,2,3,3,3,3,3,3,3,3,3,1,3,3,3,3,3,3,3,3,5,3,4,3,3,3,3,3,3,3,3,2,3,3,3,3,5,3,3,3,3,3,2,3,3,3,3,3,2,3,3,3,3,3,3,3,3,3,3,3,3,2,3,3,3,3,3,3,3,3,3,1,3,3,3,3,3,3,3,3,5,3,4,3,3,3,3,3,3,3,3,2,3,3,3,3,5,3,3,3
5153,4,4,4,2,3,4,4,4,4,4,2,4,4,2,1,4,2,4,2,4,4,2,1,1,4,4,4,4,2,4,5,1,4,4,4,4,4,4,4,2,4,4,2,1,3,2,2,4,4,4,5,4,2,4,2,5,1,4,2,4,4,4,5,4,4,4,2,3,4,4,4,4,4,2,4,4,2,1,4,2,4,2,4,4,2,1,1,4,4,4,4,2,4,5,1,4,4,4,4,4
5154,4,4,4,4,4,4,4,4,3,4,3,4,4,4,4,4,2,4,4,2,4,4,4,4,4,4,3,4,4,4,4,4,4,4,4,3,3,4,3,4,4,4,4,3,4,4,4,4,4,4,3,4,1,4,4,4,4,4,4,4,4,4,4,4,4,4,4,4,3,4,3,4,4,4,4,4,2,4,4,2,4,4,4,4,4,4,3,4,4,4,4,4,4,4,4,3,3,4,3,4
5155,5,5,5,5,4,5,5,5,5,5,5,3,5,2,5,5,4,4,5,5,2,2,1,5,5,5,5,2,5,5,5,4,5,5,4,5,5,5,2,5,5,5,5,5,4,5,5,5,5,5,3,5,2,5,3,5,5,4,4,4,5,5,5,5,4,5,5,5,5,5,5,3,5,2,5,5,4,4,5,5,2,2,1,5,5,5,5,2,5,5,5,4,5,5,4,5,5,5,2,5
5156,5,5,5,5,5,5,5,5,5,5,5,5,5,3,5,5,5,3,5,5,5,5,5,5,5,5,5,5,5,5,3,5,5,5,5,5,5,5,5,5,5,5,5,5,5,5,5,5,5,5,5,5,5,5,5,5,5,5,5,5,3,5,3,5,5,5,5,5,5,5,5,5,5,5,5,5,3,5,5,5,3,5,5,5,5,5,5,5,5,5,5,5,5,3,5,5,5,5,5,5
5157,4,1,1,1,1,1,1,1,1,4,1,5,1,5,1,4,1,1,1,1,1,4,1,5,1,1,1,1,4,1,1,1,1,5,1,4,1,3,4,1,1,1,1,1,1,1,X,1,X,1,4,1,1,1,1,1,1,1,1,4,1,5,1,5,1,4,1,1,1,1,1,4,1,5,1,1,1,1,4,1,1,1,1,5,1,4,1,3,4,1,1,1,1,1,1,1,X,1,X,1
5158,5,2,4,4,2,5,2,5,4,4,4,5,5,4,3,2,4,4,5,4,4,5,4,5,2,5,4,5,3,4,2,4,2,5,4,4,4,3,4,4,4,4,3,4,4,4,4,4,3,4,3,5,4,4,4,2,5,4,5,2,3,5,4,5,2,4,4,2,5,2,5,4,4,4,5,5,4,3,2,4,4,5,4,4,5,4,5,2,5,4,5,3,4,2,4,2,5,4,4,4
5159,2,2,2,2,2,2,4,2,2,2,5,2,2,2,2,4,3,2,2,5,2,2,4,2,2,2,2,4,4,2,2,2,2,2,2,2,5,2,3,2,2,2,3,2,2,2,2,2,5,2,4,2,2,3,2,2,2,2,2,3,2,2,2,2,2,2,4,2,2,2,5,2,2,2,2,4,3,2,2,5,2,2,4,2,2,2,2,4,4,2,2,2,2,2,2,2,5,2,3,2
5160,1,1,1,1,1,1,2,1,1,1,1,1,1,5,1,1,2,5,1,5,1,5,5,1,1,1,1,5,1,2,5,2,1,1,5,1,5,1,1,1,1,1,1,1,5,1,1,4,3,2,1,5,2,1,1,5,1,1,2,1,1,1,1,1,1,1,2,1,1,1,1,1,1,5,1,1,2,5,1,5,1,5,5,1,1,1,1,5,1,2,5,2,1,1,5,1,5,1,1,1
5162,1,1,2,4,4,4,3,3,2,2,4,2,2,4,2,3,2,2,2,5,3,2,5,3,2,5,1,2,2,1,4,2,5,5,1,2,5,2,2,5,5,2,1,4,3,2,5,2,2,1,4,5,5,3,1,3,1,2,4,2,1,1,2,4,4,4,3,3,2,2,4,2,2,4,2,3,2,2,2,5,3,2,5,3,2,5,1,2,2,1,4,2,5,5,1,2,5,2,2,5
5163,3,1,1,1,3,3,2,1,1,2,2,2,2,1,3,1,1,1,1,1,1,1,4,4,1,2,1,2,3,1,3,3,5,1,5,1,2,3,2,1,1,1,1,1,5,1,1,1,1,1,2,1,1,4,3,2,1,1,2,3,1,2,1,3,1,1,1,3,3,2,1,1,2,2,2,2,1,3,1,1,1,1,1,1,1,4,4,1,2,1,2,3,1,3,3,5,1,5,1,2
5164,3,4,4,4,3,2,2,4,4,4,4,4,4,5,3,2,4,4,4,2,5,2,4,4,4,4,4,5,3,2,3,5,5,4,4,3,4,2,2,4,2,2,2,4,5,5,4,4,5,4,3,3,5,4,5,4,5,4,3,5,4,2,2,3,4,4,4,3,2,2,4,4,4,4,4,4,5,3,2,4,4,4,2,5,2,4,4,4,4,4,5,3,2,3,5,5,4,4,3,4
5165,5,5,5,5,5,5,3,5,5,5,5,5,5,5,5,5,4,1,1,5,2,5,5,5,4,5,1,5,2,5,4,5,3,2,5,5,5,1,5,5,5,5,2,5,5,5,5,5,2,5,5,5,2,1,5,1,5,5,5,5,5,5,2,5,5,5,5,5,5,3,5,5,5,5,5,5,5,5,5,4,1,1,5,2,5,5,5,4,5,1,5,2,5,4,5,3,2,5,5,5
5166,3,5,3,2,1,5,4,3,3,2,1,3,1,1,3,2,1,1,3,3,5,3,1,1,3,5,1,5,3,5,2,3,5,3,5,5,2,1,2,3,3,3,3,3,3,4,5,3,3,3,5,1,3,3,5,3,1,3,1,3,3,5,3,2,1,5,4,3,3,2,1,3,1,1,3,2,1,1,3,3,5,3,1,1,3,5,1,5,3,5,2,3,5,3,5,5,2,1,2,3
5167,1,5,1,1,5,5,1,1,1,5,1,1,5,5,1,1,X,1,5,1,1,5,5,1,1,X,1,5,1,1,5,5,1,1,X,1,5,1,1,5,5,1,1,X,1,5,1,1,5,5,1,1,X,1,5,1,1,5,5,1,1,X,1,5,1,1,5,5,1,1,X,1,5,1,1,5,5,1,1,X,1,5,1,1,5,5,1,1,X,1,5,1,1,5,5,1,1,X,1,1
5168,1,1,3,3,5,4,5,3,3,5,5,3,5,4,4,5,5,5,3,3,3,5,5,3,4,3,5,5,5,5,2,5,3,5,4,3,3,5,3,3,5,5,3,5,3,3,4,5,5,5,2,4,4,5,3,4,1,3,3,5,5,3,1,1,1,3,3,5,4,5,3,3,5,5,3,5,4,4,5,5,5,3,3,3,5,5,3,4,3,5,5,5,5,2,5,3,5,4,3,3
5169,3,1,3,3,4,1,3,1,5,5,4,4,1,1,4,3,4,3,1,4,3,3,1,1,2,3,4,4,3,3,3,3,5,2,3,5,1,1,3,5,1,3,1,3,3,1,2,5,4,3,3,1,5,3,1,3,3,4,3,3,3,1,3,3,4,1,3,1,5,5,4,4,1,1,4,3,4,3,1,4,3,3,1,1,2,3,4,4,3,3,3,3,5,2,3,5,1,1,3,5
5170,2,2,2,5,X,2,2,X,2,2,2,5,X,2,2,X,2,2,2,2,5,X,2,2,X,2,2,2,2,5,X,2,2,X,2,2,2,2,5,X,2,2,X,2,2,2,2,5,X,2,2,X,2,2,2,2,5,X,2,2,X,2,2,2,2,5,X,2,2,X,2,2,2,2,5,X,2,2,X,2,2,2,2,5,X,2,2,X,2,2,2,2,5,X,2,2,X,2,2,5
5171,5,3,3,3,3,5,1,3,3,3,3,3,3,3,3,3,3,1,3,3,3,3,3,3,5,3,3,3,3,3,3,3,3,3,3,5,3,3,3,3,3,3,3,3,3,3,3,3,3,3,3,5,3,3,3,3,3,3,5,3,3,3,3,5,3,3,3,3,5,1,3,3,3,3,3,3,3,3,3,3,1,3,3,3,3,3,3,5,3,3,3,3,3,3,3,3,3,3,5,3
5172,3,2,1,2,2,2,1,3,1,1,3,2,1,2,1,2,4,1,2,1,1,1,1,2,1,1,1,1,1,2,1,5,1,1,1,1,2,2,2,1,2,2,4,1,1,1,1,1,2,1,1,1,2,1,2,1,1,2,1,1,3,2,1,2,2,2,1,3,1,1,3,2,1,2,1,2,4,1,2,1,1,1,1,2,1,1,1,1,1,2,1,5,1,1,1,1,2,2,2,1
5173,5,2,1,2,2,2,1,1,1,3,1,1,1,4,1,1,2,5,1,1,5,1,2,3,3,2,2,2,2,1,3,2,3,2,1,1,2,1,1,3,1,1,1,3,5,5,2,1,1,3,4,1,3,4,1,1,1,2,1,2,1,3,1,5,2,1,2,2,2,1,1,1,3,1,1,1,4,1,1,2,5,1,1,5,1,2,3,3,2,2,2,2,1,3,2,3,2,1,1,2
5175,3,2,3,1,3,3,2,2,2,2,2,2,1,4,4,4,3,2,2,2,4,2,1,2,2,5,4,4,3,1,4,3,5,2,3,5,2,4,2,3,2,4,1,4,5,2,3,2,1,2,3,2,4,2,2,5,2,5,5,2,3,2,3,1,3,3,2,2,2,2,2,2,1,4,4,4,3,2,2,2,4,2,1,2,2,5,4,4,3,1,4,3,5,2,3,5,2,4,2,3
5176,5,5,5,5,4,2,3,5,5,5,5,5,5,5,5,5,5,5,3,5,3,5,5,5,5,5,5,5,5,5,5,2,5,5,5,5,5,5,5,5,5,1,5,5,5,5,5,5,5,5,5,5,5,5,5,3,5,5,3,5,5,5,5,5,5,5,5,4,2,3,5,5,5,5,5,5,5,5,5,5,5,3,5,3,5,5,5,5,5,5,5,5,5,5,2,5,5,5,5,5
5177,1,1,1,1,1,1,1,1,1,1,1,1,1,1,1,1,1,5,4,1,1,1,1,1,1,1,1,1,1,1,5,1,3,1,1,5,1,1,1,1,1,1,1,1,1,1,1,1,1,1,1,1,1,1,1,1,1,1,1,1,1,4,1,1,1,1,1,1,1,1,1,1,1,1,1,1,1,1,1,1,5,4,1,1,1,1,1,1,1,1,1,1,1,5,1,3,1,1,5,1
5178,1,1,1,1,1,1,1,4,1,1,4,4,1,1,3,1,3,1,2,1,3,2,1,1,1,1,1,1,4,1,1,4,1,1,3,1,1,1,3,1,1,1,5,1,3,5,1,1,1,1,1,1,1,1,1,2,1,1,1,5,1,5,1,1,1,1,1,1,1,1,4,1,1,4,4,1,1,3,1,3,1,2,1,3,2,1,1,1,1,1,1,4,1,1,4,1,1,3,1,1
5180,4,4,4,4,4,4,2,4,4,5,4,4,4,4,4,4,5,4,4,4,4,4,4,2,2,4,3,4,4,4,2,4,3,4,4,4,4,4,4,4,4,4,4,4,4,4,4,4,4,4,4,4,4,5,4,4,1,4,5,4,4,4,4,4,4,4,4,4,4,2,4,4,5,4,4,4,4,4,4,5,4,4,4,4,4,4,2,2,4,3,4,4,4,2,4,3,4,4,4,4
5181,5,2,2,2,2,2,2,5,2,2,5,2,2,2,2,2,2,2,5,2,2,2,2,2,2,2,2,5,2,2,3,2,2,2,2,2,2,2,2,2,2,2,5,5,2,5,2,2,2,2,5,2,2,5,2,2,2,2,2,2,2,5,2,5,2,2,2,2,2,2,5,2,2,5,2,2,2,2,2,2,2,5,2,2,2,2,2,2,2,2,5,2,2,3,2,2,2,2,2,2
5182,3,1,3,1,4,5,1,3,3,3,4,5,3,3,3,4,4,1,3,4,3,1,4,5,2,4,4,3,3,5,4,4,4,4,4,3,5,5,3,2,4,3,4,4,4,3,5,3,2,3,4,3,5,3,4,3,5,4,4,2,3,1,3,1,4,5,1,3,3,3,4,5,3,3,3,4,4,1,3,4,3,1,4,5,2,4,4,3,3,5,4,4,4,4,4,3,5,5,3,2
5183,3,3,2,2,3,3,2,3,2,2,2,2,2,4,1,5,2,2,4,3,2,3,2,5,2,2,5,4,2,5,2,2,2,3,2,5,2,1,2,2,2,2,3,2,2,3,3,2,4,2,4,2,5,2,3,2,3,2,5,2,3,3,2,2,3,3,2,3,2,2,2,2,2,4,1,5,2,2,4,3,2,3,2,5,2,2,5,4,2,5,2,2,2,3,2,5,2,1,2,2
5184,5,5,1,5,5,5,5,5,1,1,1,4,3,5,2,2,5,5,2,5,2,3,2,1,2,2,1,2,5,1,4,1,3,5,5,5,2,1,5,5,2,5,2,2,3,1,5,2,2,5,3,2,1,2,3,2,2,1,5,2,5,2,5,5,5,1,5,5,5,5,5,1,1,1,4,3,5,2,2,5,5,2,5,2,3,2,1,2,2,1,2,5,1,4,1,3,5,5,5,2
5185,5,4,3,3,3,3,4,5,3,4,3,3,3,3,2,3,4,3,5,3,3,3,3,3,4,3,3,3,3,3,2,4,3,4,3,4,3,3,3,4,5,3,2,4,3,3,3,3,3,4,2,4,3,3,3,3,3,3,4,2,4,3,3,5,4,3,3,3,3,4,5,3,4,3,3,3,3,2,3,4,3,5,3,3,3,3,3,4,3,3,3,3,3,2,4,3,4,3,4,3
5186,4,5,4,4,4,4,4,2,5,4,5,4,2,2,4,5,2,4,2,5,2,2,4,2,4,4,4,4,4,3,2,5,2,5,4,4,5,5,4,4,2,2,3,2,2,4,2,4,4,4,2,4,2,4,4,2,2,4,4,2,4,5,4,4,4,4,4,2,5,4,5,4,2,2,4,5,2,4,2,5,2,2,4,2,4,4,4,4,4,3,2,5,2,5,4,4,5,5,4,4
5187,3,3,3,5,3,5,2,3,3,3,3,3,1,4,3,4,3,1,4,4,4,3,1,1,3,3,3,4,3,5,3,4,5,1,3,3,2,3,3,3,2,3,3,3,3,3,2,3,1,3,3,3,3,3,3,3,3,2,3,3,3,3,3,5,3,5,2,3,3,3,3,3,1,4,3,4,3,1,4,4,4,3,1,1,3,3,3,4,3,5,3,4,5,1,3,3,2,3,3,3
5188,5,3,5,1,3,5,5,4,3,4,3,5,3,4,3,2,4,5,3,2,3,5,3,3,3,1,1,5,3,5,3,3,3,5,2,3,3,3,3,3,3,5,3,3,3,2,3,2,3,3,5,3,3,5,5,3,5,5,2,5,5,3,5,1,3,5,5,4,3,4,3,5,3,4,3,2,4,5,3,2,3,5,3,3,3,1,1,5,3,5,3,3,3,5,2,3,3,3,3,3
5189,4,4,4,2,4,1,5,5,4,3,4,4,4,3,2,4,5,5,4,3,5,4,4,4,2,4,1,4,1,4,4,1,2,2,2,4,1,5,4,5,4,4,3,2,4,4,1,4,4,4,3,4,2,4,2,3,4,4,4,2,2,2,5,4,4,4,2,4,1,5,5,4,3,4,4,4,3,2,4,5,5,4,3,5,4,4,4,2,4,1,4,1,4,4,1,2,2,2,4,1
5190,4,1,X,4,1,4,X,1,1,X,1,X,2,1,1,3,X,1,4,4,1,3,1,X,1,1,4,4,5,X,1,1,X,5,1,1,X,2,1,1,1,1,1,1,X,2,X,1,4,1,X,4,1,4,X,1,1,X,1,X,2,1,1,3,X,1,4,4,1,3,1,X,1,1,4,4,5,X,1,1,X,5,1,1,X,2,1,1,1,1,1,1,X,2,X,1,1,X,1,X
5191,2,2,2,2,2,2,2,2,2,2,5,2,2,2,2,5,2,2,2,2,2,2,2,2,2,2,2,2,2,5,2,1,2,2,2,2,2,2,2,5,2,2,1,2,2,2,2,2,2,2,2,2,2,2,5,2,2,2,5,1,2,2,2,2,2,2,2,2,2,2,5,2,2,2,2,5,2,2,2,2,2,2,2,2,2,2,2,2,2,5,2,1,2,2,2,2,2,2,2,5
5192,4,4,1,1,1,1,1,5,5,5,4,4,4,1,3,1,1,4,5,5,5,5,4,1,4,5,5,4,3,1,3,3,4,4,1,5,5,5,4,4,5,5,4,5,4,4,5,4,1,4,4,4,1,3,5,2,4,5,4,3,5,3,3,4,4,1,1,1,1,1,5,5,5,4,4,4,1,3,1,1,4,5,5,5,5,4,1,4,5,5,4,3,1,3,3,4,4,1,5,5
5193,2,1,3,5,1,5,3,5,1,1,5,2,3,3,1,5,5,5,1,5,2,2,3,5,1,2,5,4,3,4,4,3,4,1,5,5,5,1,2,5,4,4,3,3,4,5,4,5,1,2,4,5,5,5,5,4,5,5,2,3,2,1,3,5,1,5,3,5,1,1,5,2,3,3,1,5,5,5,1,5,2,2,3,5,1,2,5,4,3,4,4,3,4,1,5,5,5,1,2,5
5194,5,1,5,3,1,3,4,5,5,3,5,2,3,2,3,3,4,4,4,3,4,5,5,4,2,5,5,4,3,4,3,3,3,1,1,2,4,2,4,4,5,1,2,5,3,4,4,4,3,5,3,3,5,2,3,2,1,4,2,3,3,3,3,5,1,5,3,1,3,4,5,5,3,5,2,3,2,3,3,4,4,4,3,4,5,5,4,2,5,5,4,3,4,3,3,3,1,1,2,4
5195,3,1,3,3,1,1,4,3,1,1,5,1,5,5,4,3,2,2,3,4,5,5,1,5,1,1,5,3,1,5,2,3,2,5,5,5,5,3,1,2,3,5,3,3,5,1,1,3,5,5,2,3,3,2,1,4,5,1,5,5,3,1,3,3,1,1,4,3,1,1,5,1,5,5,4,3,2,2,3,4,5,5,1,5,1,1,5,3,1,5,2,3,2,5,5,5,5,3,1,2
5196,3,4,2,4,2,4,2,5,4,4,2,4,4,4,4,4,3,X,X,X,4,5,4,4,4,5,4,4,5,2,5,4,3,X,4,2,5,4,4,4,4,4,2,4,X,X,4,3,4,2,4,2,4,2,5,4,4,2,4,4,4,4,4,3,X,X,X,4,5,4,4,4,5,4,4,5,2,5,4,3,X,4,2,5,4,4,4,4,4,2,4,X,X,4,4,4,4,5,4,4
5197,4,X,1,1,X,X,1,1,4,X,1,1,X,X,1,1,1,4,X,1,1,X,X,1,1,1,4,X,1,1,X,X,1,1,1,4,X,1,1,X,X,1,1,1,4,X,1,1,X,X,1,1,1,4,X,1,1,X,X,1,1,1,4,X,1,1,X,X,1,1,1,4,X,1,1,X,X,1,1,1,4,X,1,1,X,X,1,1,1,4,X,1,1,X,X,1,1,1,1,1
5199,3,1,3,1,1,3,1,5,3,3,3,3,5,3,1,1,2,5,3,3,3,2,3,1,3,3,3,3,3,2,2,3,3,3,3,3,1,4,3,3,1,1,3,1,3,1,4,3,1,1,3,3,1,1,3,3,3,1,3,3,3,1,3,1,1,3,1,5,3,3,3,3,5,3,1,1,2,5,3,3,3,2,3,1,3,3,3,3,3,2,2,3,3,3,3,3,1,4,3,3
5200,3,3,3,4,5,5,1,5,5,4,3,5,3,3,5,4,4,5,4,4,2,1,3,5,3,2,4,4,3,4,3,3,4,4,4,1,4,4,2,3,3,4,3,1,3,4,3,4,1,3,3,1,4,3,5,4,3,2,3,3,3,3,3,4,5,5,1,5,5,4,3,5,3,3,5,4,4,5,4,4,2,1,3,5,3,2,4,4,3,4,3,3,4,4,4,1,4,4,2,3
5201,5,5,4,2,3,4,4,5,3,4,2,3,4,3,3,4,3,2,3,4,3,3,3,3,3,3,4,4,4,3,1,4,3,3,4,4,3,4,1,4,4,4,3,4,3,2,1,4,4,4,1,4,4,2,4,3,4,4,4,3,4,3,2,5,5,4,2,3,4,4,5,3,4,2,3,4,3,3,4,3,2,3,4,3,3,3,3,3,3,4,4,4,3,1,4,3,3,4,4,3
5202,3,4,5,3,3,3,5,3,5,5,5,5,3,5,3,5,2,4,5,2,3,5,5,4,3,3,2,3,5,3,4,3,5,5,3,1,5,4,3,3,3,2,3,3,2,5,2,1,2,5,3,1,4,3,2,5,3,3,3,2,3,4,5,3,3,3,5,3,5,5,5,5,3,5,3,5,2,4,5,2,3,5,5,4,3,3,2,3,5,3,4,3,5,5,3,1,5,4,3,3
5203,4,5,3,5,1,4,3,5,5,3,4,3,5,3,5,1,1,2,3,5,3,4,1,1,4,1,5,4,5,5,4,1,4,5,1,5,4,4,4,5,3,5,4,3,2,5,3,3,4,5,1,3,1,1,3,3,2,3,5,4,1,4,1,4,5,3,5,1,4,3,5,5,3,4,3,5,3,5,1,1,2,3,5,3,4,1,1,4,1,5,4,5,5,4,1,4,5,1,5,4
5204,5,2,3,3,2,2,2,2,5,2,2,2,3,3,5,5,3,2,2,3,3,2,3,3,3,2,2,2,5,3,2,3,2,5,5,2,3,2,2,5,5,2,3,2,5,2,4,2,4,5,3,2,3,5,2,3,2,2,2,3,5,2,3,3,2,2,2,2,5,2,2,2,3,3,5,5,3,2,2,3,3,2,3,3,3,2,2,2,5,3,2,3,2,5,5,2,3,2,2,5
5205,3,1,3,3,3,1,3,5,3,5,3,3,1,1,3,3,3,4,3,3,3,3,3,1,3,3,3,3,3,3,1,2,3,3,3,3,3,1,3,5,3,3,4,4,2,3,3,4,3,3,4,1,3,1,1,3,3,1,3,4,3,3,3,3,1,3,3,3,1,3,5,3,5,3,3,1,1,3,3,3,4,3,3,3,3,3,1,3,3,3,3,3,3,1,2,3,3,3,3,3
5206,5,5,4,4,3,2,3,2,2,3,4,5,5,4,2,2,3,1,5,1,4,5,1,1,3,4,4,2,2,2,2,3,4,2,4,5,3,1,2,2,2,5,3,2,4,1,2,1,4,5,1,3,3,2,2,2,3,4,3,3,5,5,4,4,3,2,3,2,2,3,4,5,5,4,2,2,3,1,5,1,4,5,1,1,3,4,4,2,2,2,2,3,4,2,4,5,3,1,2,2
5207,1,5,5,5,1,1,1,1,1,5,5,5,1,1,1,1,1,1,5,5,5,1,1,1,1,1,1,5,5,5,1,1,1,1,1,1,5,5,5,1,1,1,1,1,1,5,5,5,1,1,1,1,1,1,5,5,5,1,1,1,1,1,1,5,5,5,1,1,1,1,1,1,5,5,5,1,1,1,1,1,1,5,5,5,1,1,1,1,1,1,5,5,5,1,1,1,1,1,5,5
5208,3,3,3,3,3,3,4,3,3,3,3,3,3,3,4,3,3,3,3,3,3,3,3,4,3,3,3,3,3,3,3,3,4,3,3,3,3,3,3,3,3,4,3,3,3,3,3,3,3,3,4,3,3,3,3,3,3,3,3,4,3,3,3,3,3,3,3,3,4,3,3,3,3,3,3,3,3,4,3,3,3,3,3,3,3,3,4,3,3,3,3,3,3,3,3,4,3,3,3,3
5209,5,5,1,5,3,5,5,3,4,1,4,5,5,5,1,1,3,5,1,5,3,3,1,2,3,5,3,5,4,4,1,1,1,5,5,1,4,5,5,4,3,1,3,1,5,2,5,5,3,5,2,3,5,1,5,4,5,1,5,1,5,5,1,5,3,5,5,3,4,1,4,5,5,5,1,1,3,5,1,5,3,3,1,2,3,5,3,5,4,4,1,1,1,5,5,1,4,5,5,4
5210,4,2,4,4,4,4,4,5,4,4,4,4,4,4,3,4,4,3,4,4,2,3,3,4,5,4,4,4,4,4,1,4,3,5,4,4,4,4,4,4,4,4,4,4,4,4,4,4,3,4,2,4,4,4,4,4,4,4,4,4,4,4,3,4,2,4,4,4,4,4,5,4,4,4,4,4,4,3,4,4,3,4,4,2,3,3,4,5,4,4,4,4,4,1,4,3,5,4,4,4
5211,2,5,3,1,2,2,4,5,2,2,4,4,4,1,2,5,2,1,4,4,4,4,2,1,1,4,5,2,1,4,4,2,2,4,5,2,4,2,2,2,2,4,2,2,4,2,2,4,4,4,3,2,5,2,2,1,2,2,5,5,4,4,4,2,5,3,1,2,2,4,5,2,2,4,4,4,1,2,5,2,1,4,4,4,4,2,1,1,4,5,2,1,4,4,2,2,4,5,2,4
5212,5,5,5,2,3,3,1,5,3,2,4,5,5,4,5,3,4,5,2,3,5,2,1,5,3,5,4,4,5,3,1,3,4,4,5,5,3,4,5,5,4,3,3,5,5,5,3,5,1,5,4,3,4,3,5,5,5,1,3,4,5,5,5,2,3,3,1,5,3,2,4,5,5,4,5,3,4,5,2,3,5,2,1,5,3,5,4,4,5,3,1,3,4,4,5,5,3,4,5,5
5213,1,2,2,4,3,3,2,3,2,3,3,1,1,4,2,1,3,2,2,4,5,1,1,5,3,3,4,4,4,4,2,3,1,2,1,2,1,1,1,1,3,3,1,1,2,2,1,1,4,5,5,2,1,2,1,2,4,3,3,2,1,2,2,4,3,3,2,3,2,3,3,1,1,4,2,1,3,2,2,4,5,1,1,5,3,3,4,4,4,4,2,3,1,2,1,2,1,1,1,1
5214,4,4,4,4,4,4,4,5,4,4,5,2,4,2,4,5,4,1,4,4,4,4,4,4,4,4,4,4,4,4,1,4,3,4,2,4,4,4,4,3,4,4,5,4,2,4,4,4,4,4,3,4,4,1,4,1,4,4,2,4,4,3,1,4,4,4,4,4,4,4,5,4,4,5,2,4,2,4,5,4,1,4,4,4,4,4,4,4,4,4,4,4,4,1,4,3,4,2,4,4
5215,3,3,3,3,3,3,3,3,3,3,3,3,3,3,3,3,3,3,3,3,3,3,3,3,3,3,3,3,3,3,3,3,3,3,3,3,3,3,3,3,3,3,3,3,3,3,3,3,3,3,3,3,3,3,3,3,3,3,3,3,3,3,3,3,3,3,3,3,3,3,3,3,3,3,3,3,3,3,3,3,3,3,3,3,3,3,3,3,3,3,3,3,3,3,3,3,3,3,3,3
5216,3,1,3,3,3,4,2,5,3,4,1,1,3,4,4,1,1,3,3,3,3,2,3,1,3,3,4,4,3,1,3,3,4,4,3,5,1,5,4,3,3,3,2,3,2,3,1,1,2,5,4,1,1,1,3,1,3,4,1,1,3,1,3,3,3,4,2,5,3,4,1,1,3,4,4,1,1,3,3,3,3,2,3,1,3,3,4,4,3,1,3,3,4,4,3,5,1,5,4,3
5217,5,5,3,5,3,5,5,2,5,2,5,5,5,4,5,5,5,5,5,2,5,3,4,5,3,5,4,4,5,1,5,5,5,5,5,2,4,5,1,3,5,3,5,5,5,5,5,5,5,5,4,5,5,5,4,5,4,5,5,5,5,5,3,5,3,5,5,2,5,2,5,5,5,4,5,5,5,5,5,2,5,3,4,5,3,5,4,4,5,1,5,5,5,5,5,2,4,5,1,3
5218,3,5,2,2,2,2,1,5,2,2,1,2,2,2,2,1,3,5,2,2,4,2,2,3,5,2,2,4,2,2,1,3,1,2,3,2,3,3,1,1,3,2,4,2,2,5,2,2,2,2,4,4,2,2,5,2,2,2,3,1,4,5,2,3,5,2,2,2,2,1,5,2,2,1,2,2,2,2,1,3,5,2,2,4,2,2,3,5,2,2,4,2,2,1,3,1,2,3,2,3
5219,3,3,3,3,3,1,1,3,1,1,1,1,3,4,1,1,1,3,4,3,1,4,3,1,3,4,4,4,1,4,1,1,3,1,1,2,1,4,1,1,1,3,1,1,1,1,3,3,3,5,4,3,1,1,1,1,1,1,1,3,3,3,3,3,3,1,1,3,1,1,1,1,3,4,1,1,1,3,4,3,1,4,3,1,3,4,4,4,1,4,1,1,3,1,1,2,1,4,1,1
5220,5,1,3,1,3,5,3,5,3,2,1,3,3,2,3,3,3,4,3,3,3,3,3,1,1,3,3,4,1,3,3,3,3,3,4,3,3,1,4,3,3,3,5,2,3,4,3,3,1,3,3,3,3,3,3,4,3,3,3,4,3,2,1,5,1,3,1,3,5,3,5,3,2,1,3,3,2,3,3,3,4,3,3,3,3,3,1,1,3,3,4,1,3,3,3,3,3,4,3,3
5221,3,2,3,3,3,2,3,4,3,3,4,1,1,4,3,3,3,3,4,4,1,2,1,1,3,4,4,4,3,2,3,3,4,4,3,2,3,4,3,3,4,3,1,2,3,3,3,1,4,5,4,3,1,4,4,3,1,3,4,3,3,2,3,3,3,2,3,4,3,3,4,1,1,4,3,3,3,3,4,4,1,2,1,1,3,4,4,4,3,2,3,3,4,4,3,2,3,4,3,3
5222,4,3,1,1,X,X,1,X,4,3,1,1,X,X,1,X,1,4,3,1,1,X,X,1,X,1,4,3,1,1,X,X,1,X,1,4,3,1,1,X,X,1,X,1,4,3,1,1,X,X,1,X,1,4,3,1,1,X,X,1,X,1,4,3,1,1,X,X,1,X,1,4,3,1,1,X,X,1,X,1,4,3,1,1,X,X,1,X,1,4,3,1,1,X,X,1,X,1,1,1
5223,2,3,3,2,2,2,2,5,2,3,2,3,3,3,2,2,2,1,3,4,4,5,2,1,2,3,2,4,3,2,2,2,3,3,3,2,3,5,2,3,2,2,2,2,3,3,2,2,2,2,2,2,2,3,2,4,2,2,2,2,2,4,4,2,3,3,2,2,2,2,5,2,3,2,3,3,3,2,2,2,1,3,4,4,5,2,1,2,3,2,4,3,2,2,2,3,3,3,2,3
5224,1,5,3,5,1,2,1,5,1,3,2,1,1,1,1,2,1,1,2,2,1,5,1,1,5,2,1,3,5,1,4,1,3,1,1,1,4,1,5,2,1,1,1,5,2,2,5,5,5,1,5,1,3,3,3,2,2,1,1,4,1,2,2,1,5,3,5,1,2,1,5,1,3,2,1,1,1,1,2,1,1,2,2,1,5,1,1,5,2,1,3,5,1,4,1,3,1,1,1,4